-- --------------------------------------------------------
-- Host:                         127.0.0.1
-- Server version:               8.0.30 - MySQL Community Server - GPL
-- Server OS:                    Win64
-- HeidiSQL Version:             12.1.0.6537
-- --------------------------------------------------------

/*!40101 SET @OLD_CHARACTER_SET_CLIENT=@@CHARACTER_SET_CLIENT */;
/*!40101 SET NAMES utf8 */;
/*!50503 SET NAMES utf8mb4 */;
/*!40103 SET @OLD_TIME_ZONE=@@TIME_ZONE */;
/*!40103 SET TIME_ZONE='+00:00' */;
/*!40014 SET @OLD_FOREIGN_KEY_CHECKS=@@FOREIGN_KEY_CHECKS, FOREIGN_KEY_CHECKS=0 */;
/*!40101 SET @OLD_SQL_MODE=@@SQL_MODE, SQL_MODE='NO_AUTO_VALUE_ON_ZERO' */;
/*!40111 SET @OLD_SQL_NOTES=@@SQL_NOTES, SQL_NOTES=0 */;


-- Dumping database structure for wan-shi-tong
CREATE DATABASE IF NOT EXISTS `wan-shi-tong` /*!40100 DEFAULT CHARACTER SET utf8mb4 COLLATE utf8mb4_0900_ai_ci */ /*!80016 DEFAULT ENCRYPTION='N' */;
USE `wan-shi-tong`;

-- Dumping structure for table wan-shi-tong.books
CREATE TABLE IF NOT EXISTS `books` (
  `id` int NOT NULL AUTO_INCREMENT,
  `titulo` varchar(191) COLLATE utf8mb4_unicode_ci NOT NULL,
  `autor` varchar(191) COLLATE utf8mb4_unicode_ci NOT NULL,
  `isbn` varchar(191) COLLATE utf8mb4_unicode_ci NOT NULL,
  `anio_publicacion` int DEFAULT NULL,
  `cantidad_disponible` int NOT NULL DEFAULT '0',
  `cantidad_total` int NOT NULL DEFAULT '0',
  `portada` varchar(191) COLLATE utf8mb4_unicode_ci DEFAULT NULL,
  `categoryId` int NOT NULL,
  PRIMARY KEY (`id`),
  UNIQUE KEY `Books_isbn_key` (`isbn`),
  KEY `Books_categoryId_fkey` (`categoryId`),
  CONSTRAINT `Books_categoryId_fkey` FOREIGN KEY (`categoryId`) REFERENCES `categories` (`id`) ON DELETE RESTRICT ON UPDATE CASCADE
) ENGINE=InnoDB AUTO_INCREMENT=501 DEFAULT CHARSET=utf8mb4 COLLATE=utf8mb4_unicode_ci;

-- Dumping data for table wan-shi-tong.books: ~481 rows (approximately)
INSERT INTO `books` (`id`, `titulo`, `autor`, `isbn`, `anio_publicacion`, `cantidad_disponible`, `cantidad_total`, `portada`, `categoryId`) VALUES
	(1, 'aperte deludo sperno', 'Mack Hammes', '2605a9bc-b099-48b6-aabe-542fb228cb09', 2024, 1, 14, 'https://picsum.photos/200/300', 7),
	(2, 'arma vel admitto', 'Megan Batz', '383f3344-60fc-41f8-ad87-e69aa6571a26', 2024, 4, 10, 'https://picsum.photos/200/300', 13),
	(3, 'alii placeat cedo', 'Duane Schmidt', 'a1cdb6d0-2a51-4f3e-beb7-ae98303cbd22', 2023, 13, 18, 'https://picsum.photos/200/300', 14),
	(4, 'ambulo conduco tergum', 'Lena Altenwerth', 'd240c506-d346-4f0b-82b2-848357e6068c', 2023, 7, 7, 'https://picsum.photos/200/300', 18),
	(5, 'alo conqueror delibero', 'Jamie Strosin', 'a4113d29-dd18-43d7-b7da-d48605a6141b', 2023, 15, 15, 'https://picsum.photos/200/300', 1),
	(6, 'utor tenuis tres', 'Jay Towne', '6a9cffa7-cf90-48e9-808c-6ac5aa5dfc72', 2023, 16, 17, 'https://picsum.photos/200/300', 7),
	(7, 'adfero vitae curso', 'Dr. Brooke Klein', '21c14fea-2ac0-48d6-baca-ae1ca3880449', 2023, 2, 14, 'https://picsum.photos/200/300', 20),
	(8, 'velit amplus vesper', 'Rodolfo Roob-Emmerich IV', 'fd09296a-7c8e-4c17-ad1c-eebb82ce80af', 2024, 7, 13, 'https://picsum.photos/200/300', 2),
	(9, 'demonstro abduco vallum', 'Nina Daugherty', '838a6d5f-6c2e-4d8b-9ffb-d5944dc5348c', 2024, 5, 9, 'https://picsum.photos/200/300', 19),
	(10, 'curto aegre angustus', 'Edgar Yundt DDS', '71b9fb9c-25c8-41a5-92e0-0ae7332e0c19', 2024, 4, 9, 'https://picsum.photos/200/300', 16),
	(11, 'conspergo deorsum deputo', 'Margaret Dare', '5f05d4aa-2a13-40c4-b1cc-143ba07391e0', 2023, 15, 15, 'https://picsum.photos/200/300', 6),
	(12, 'paulatim cognomen vereor', 'Doug Marvin', '72644743-39ac-4b51-b135-cf282a61667a', 2023, 7, 11, 'https://picsum.photos/200/300', 7),
	(13, 'sophismata eaque denego', 'Clayton Dare V', '2b6671a6-7fd8-4b4b-8dee-031b55bc9742', 2023, 11, 18, 'https://picsum.photos/200/300', 20),
	(14, 'auxilium confugo corroboro', 'Herbert Rosenbaum', '9dce1af7-7000-4cab-be5a-f5adf7b20368', 2024, 3, 5, 'https://picsum.photos/200/300', 19),
	(15, 'volutabrum audeo animus', 'Floyd Feeney', '0aa326ad-94d5-4c4d-a9e8-483f46d096e1', 2023, 5, 10, 'https://picsum.photos/200/300', 7),
	(16, 'quae deficio pel', 'Dr. Cody Bahringer', 'eb56273f-79cd-4aa6-be08-615ca7f271c5', 2023, 3, 7, 'https://picsum.photos/200/300', 13),
	(17, 'casso atqui turba', 'Marion Spencer', '00901f4e-f6c1-4e87-a91a-6cd9dead4810', 2023, 2, 16, 'https://picsum.photos/200/300', 14),
	(18, 'tamquam talus assentator', 'Jeanette White', '58811562-33ad-4604-b1d4-fe20491373de', 2024, 11, 13, 'https://picsum.photos/200/300', 14),
	(19, 'supra verto expedita', 'Doug Lind', '0a2984cb-0d47-441d-b0de-05709780ee13', 2023, 4, 6, 'https://picsum.photos/200/300', 10),
	(20, 'supplanto asperiores sol', 'Willis Kautzer', 'b5850a02-9d04-4046-8c66-07e2466c2c86', 2024, 17, 19, 'https://picsum.photos/200/300', 19),
	(21, 'titulus virga eveniet', 'Nicholas Trantow', '52709635-6a47-4b07-acba-f8a6bd745ed9', 2023, 6, 6, 'https://picsum.photos/200/300', 3),
	(22, 'sublime adfero triumphus', 'Ramona Stehr', '2cd6976c-db4c-43e7-85e0-22b6d6703cdf', 2023, 3, 11, 'https://picsum.photos/200/300', 19),
	(23, 'defluo advenio iusto', 'Zachary Haley', 'cfca738b-1464-4b13-97aa-6b932347e3fe', 2023, 3, 7, 'https://picsum.photos/200/300', 1),
	(24, 'eveniet amicitia voro', 'Ramona Luettgen', '27b24be0-d17f-4ad6-9a94-80ca60e1242a', 2024, 2, 8, 'https://picsum.photos/200/300', 4),
	(25, 'vis iste adeptio', 'Jeffrey Gleichner DVM', '5775fb09-1c8c-4424-841b-af3b842fc62c', 2024, 3, 17, 'https://picsum.photos/200/300', 13),
	(26, 'desipio contigo quod', 'Julio Ebert', 'c3b37e97-7a5c-4d6a-9b41-801e3c915387', 2024, 14, 16, 'https://picsum.photos/200/300', 7),
	(27, 'abstergo adhaero totam', 'Jimmie Feest', 'f1a5f88f-ecbe-4aa7-a23c-5db28cdebbe2', 2024, 10, 12, 'https://picsum.photos/200/300', 14),
	(28, 'tenuis ascit cubo', 'Darlene Stiedemann', '56f4ba56-c6f8-40ea-8a0d-38cf5da36011', 2023, 6, 9, 'https://picsum.photos/200/300', 11),
	(29, 'videlicet explicabo super', 'Owen Blick', 'd061b3db-684e-4a89-ae6d-a4e771aa8960', 2023, 13, 16, 'https://picsum.photos/200/300', 13),
	(30, 'tempus aiunt timidus', 'Dr. Vera Fisher', '485fb82a-2d8f-475c-9655-d4b3d50fe474', 2024, 19, 19, 'https://picsum.photos/200/300', 9),
	(31, 'comitatus tui decretum', 'Lynette Windler', '9f9d767e-a013-4a49-a5a6-c6d423b7220a', 2024, 10, 17, 'https://picsum.photos/200/300', 4),
	(32, 'cognatus termes cupressus', 'Neal Legros II', '8973ffa8-b75b-47dd-97da-57b06af6ca61', 2024, 5, 7, 'https://picsum.photos/200/300', 13),
	(33, 'acquiro arcesso voco', 'Rodolfo Mayer', '4659eaee-68ee-4e7a-b75b-3cbbbb298cd1', 2024, 3, 18, 'https://picsum.photos/200/300', 15),
	(34, 'bonus agnosco porro', 'Kenneth Hettinger', 'e519fc88-a3f6-4544-9f06-73f75a5ee4c3', 2024, 12, 12, 'https://picsum.photos/200/300', 4),
	(35, 'corporis timor decipio', 'Leigh Adams', '4394a1ba-42d2-4dfa-9b06-c94f4a0a5bc7', 2023, 6, 8, 'https://picsum.photos/200/300', 11),
	(36, 'ancilla laboriosam valetudo', 'Mr. Gregg Mohr', '5380278a-ce36-4a27-a346-253f38f2140c', 2023, 2, 10, 'https://picsum.photos/200/300', 10),
	(37, 'tero textilis studio', 'Annette Ondricka', '006b22a5-d028-43ed-a797-614d2643a536', 2024, 2, 12, 'https://picsum.photos/200/300', 18),
	(38, 'baiulus spiculum succurro', 'Leo Carroll', '1f1879d4-008f-4ae8-b53c-dbbaccf422f3', 2023, 4, 11, 'https://picsum.photos/200/300', 12),
	(39, 'vulgivagus quae vulnus', 'Salvador McClure', '6fa9f6c6-b008-49f2-a6c3-0868f99ee03d', 2023, 14, 15, 'https://picsum.photos/200/300', 6),
	(40, 'aegrotatio cornu dedecor', 'Essie Stark', 'bc864897-e589-4a43-8add-acaa516aacaf', 2023, 6, 6, 'https://picsum.photos/200/300', 7),
	(41, 'conqueror adstringo celer', 'Ernestine Okuneva', 'e4d02d9a-8538-4acb-be3e-f064f505aaf3', 2023, 3, 15, 'https://picsum.photos/200/300', 11),
	(42, 'curriculum subiungo tubineus', 'Desiree Zieme', '7a29b030-f23e-4379-b502-d3d61da7c608', 2024, 14, 14, 'https://picsum.photos/200/300', 9),
	(43, 'ascisco cum tonsor', 'Betsy Konopelski', '9570b94c-2e8b-4d39-91a5-91ccebefb53e', 2024, 1, 6, 'https://picsum.photos/200/300', 7),
	(44, 'absum patruus apparatus', 'Jonathan Huel', 'fc39909b-1bca-484c-8545-99b6f548cf48', 2024, 8, 13, 'https://picsum.photos/200/300', 17),
	(45, 'vilitas amoveo somniculosus', 'Courtney D\'Amore', 'b894f5bf-17d4-45a6-8186-587f6edd0ee0', 2024, 6, 11, 'https://picsum.photos/200/300', 5),
	(46, 'thermae libero crebro', 'Ann Huels-Gibson', 'dbb1aea2-7903-407d-9ef9-1be55f02573a', 2023, 9, 10, 'https://picsum.photos/200/300', 6),
	(47, 'celo natus sursum', 'Dr. Dana Rice DVM', '5f4894e5-7b41-465f-9906-7d1b94eef612', 2024, 5, 9, 'https://picsum.photos/200/300', 2),
	(48, 'aperte mollitia assumenda', 'Fernando Nikolaus-Heidenreich', '7a88ebf5-547a-4707-b30c-4c0115b0db66', 2024, 13, 13, 'https://picsum.photos/200/300', 18),
	(49, 'alii laborum acervus', 'Della Sawayn', '03127dea-ed36-4308-9278-63e89282a3a7', 2024, 3, 18, 'https://picsum.photos/200/300', 4),
	(50, 'vado autem curia', 'Bobbie Schowalter', '63436d0b-a699-4169-a49e-9c8e3d6e660b', 2024, 6, 14, 'https://picsum.photos/200/300', 15),
	(51, 'textus apostolus corona', 'Julie Strosin', '9a161359-8ce1-43d2-bcfd-dba86d498b22', 2023, 5, 8, 'https://picsum.photos/200/300', 9),
	(52, 'acerbitas coma veritatis', 'Travis Wilderman', 'c54f7c5f-6acb-405b-9d44-226c85dbba67', 2024, 17, 18, 'https://picsum.photos/200/300', 8),
	(53, 'viriliter cohors eaque', 'Donnie Ernser-Anderson', 'e6672205-1bf5-4aaa-addf-df5767810809', 2024, 2, 6, 'https://picsum.photos/200/300', 17),
	(54, 'solus arbor acsi', 'Brandy Ebert', 'e85d8e38-7d00-4815-a4ec-5442102b5ba1', 2024, 6, 7, 'https://picsum.photos/200/300', 1),
	(55, 'animadverto suus crur', 'Raul Kovacek', '0d8c8567-9720-4e7f-99bc-19842ff431a5', 2023, 1, 12, 'https://picsum.photos/200/300', 11),
	(56, 'contego verumtamen aspernatur', 'Alice Gulgowski', 'c4c708a5-06da-4853-8a9d-b1b62b16408f', 2023, 12, 12, 'https://picsum.photos/200/300', 9),
	(57, 'coma quae torrens', 'Ellen Volkman DVM', '64c5afa7-7091-4d7b-99a7-9cf04d001ec6', 2024, 5, 15, 'https://picsum.photos/200/300', 6),
	(58, 'anser cohibeo curis', 'Randy Aufderhar', '126bbd3b-6ed4-42e6-a68c-93098c2c76a3', 2024, 7, 12, 'https://picsum.photos/200/300', 7),
	(59, 'cui astrum canis', 'Andy Crooks', '22c49271-417f-4003-86d8-47584855542e', 2024, 1, 7, 'https://picsum.photos/200/300', 4),
	(60, 'addo tamquam aspicio', 'Levi Bartell-Doyle', '87690364-b302-4304-8cde-6f4bc1e107f9', 2024, 4, 19, 'https://picsum.photos/200/300', 1),
	(61, 'talis umquam curtus', 'Brendan Von', 'ca47b15e-5cb4-4c85-a9fa-9c1ad0ca9399', 2023, 6, 7, 'https://picsum.photos/200/300', 2),
	(62, 'barba delicate cinis', 'Harry Koelpin-Hauck', '309e166c-546b-468e-8773-ac9ad046621d', 2024, 8, 16, 'https://picsum.photos/200/300', 7),
	(63, 'despecto vobis utroque', 'Melody Schulist', '8500fede-6ad3-4088-b028-047c48908d91', 2023, 13, 20, 'https://picsum.photos/200/300', 12),
	(64, 'veniam sophismata solium', 'Toby Erdman', 'e3f1589b-1ea4-48fd-95db-7e73782163c6', 2023, 6, 10, 'https://picsum.photos/200/300', 10),
	(65, 'veritatis vesper ars', 'Dr. Dexter Heaney', 'd7851354-8401-4f18-8da0-e95921b2b789', 2023, 3, 5, 'https://picsum.photos/200/300', 8),
	(66, 'acidus capto animadverto', 'Clayton Ward', '6ad4570c-011d-4648-ac61-e55e79f63ee2', 2024, 4, 12, 'https://picsum.photos/200/300', 7),
	(67, 'speculum cado arto', 'Christie Reynolds', 'be51f339-aef2-4f20-98e2-4c26b83f69d7', 2024, 3, 8, 'https://picsum.photos/200/300', 10),
	(68, 'cupio ducimus caste', 'Paul Hintz', 'c161f900-aaf0-4cdb-8b1c-e022fb59dfb5', 2024, 11, 17, 'https://picsum.photos/200/300', 2),
	(69, 'aestivus verus creber', 'Abraham Haley-Bergstrom', 'a47c4cf4-5a8f-49c8-85bd-ba19a45795a8', 2024, 2, 9, 'https://picsum.photos/200/300', 19),
	(70, 'alii varius repellat', 'Taylor Heathcote', 'b2f6f262-8239-4d55-adfc-901b378b581f', 2024, 2, 6, 'https://picsum.photos/200/300', 8),
	(71, 'color avarus benigne', 'Charles Jenkins-Torphy', '1125ccac-a427-4b41-9c3c-ab91c17bc03c', 2024, 18, 19, 'https://picsum.photos/200/300', 9),
	(72, 'cavus viridis video', 'Jesus Hickle', '0033facb-a8d4-4c18-8751-d850532eaa19', 2024, 6, 8, 'https://picsum.photos/200/300', 7),
	(73, 'spes debilito sponte', 'Miriam Strosin', 'c9c16abb-f934-4746-8e4b-f35de7a46bbb', 2024, 1, 14, 'https://picsum.photos/200/300', 3),
	(74, 'vaco commemoro xiphias', 'Roland Corkery', '07c994cb-61b8-493d-8a8f-992db77a0ba7', 2023, 9, 19, 'https://picsum.photos/200/300', 2),
	(75, 'itaque demergo cariosus', 'Mrs. Charlene Reichel', 'b1fb10a8-d6fe-4e20-86b1-41e7ed5429ef', 2023, 2, 15, 'https://picsum.photos/200/300', 13),
	(76, 'itaque tempus vinco', 'Archie Tromp-Koelpin', 'd7633abb-2040-444d-9b5b-fddff9df91e1', 2023, 10, 11, 'https://picsum.photos/200/300', 8),
	(77, 'capto terreo audio', 'Kelley Mraz', 'db801024-497c-471b-9bb4-54cb473090e1', 2024, 2, 9, 'https://picsum.photos/200/300', 20),
	(78, 'termes tersus averto', 'Garry Terry', 'fd05f859-7dd4-43e9-9fbd-d0f885e31f46', 2024, 1, 6, 'https://picsum.photos/200/300', 8),
	(79, 'testimonium copia comptus', 'Erica Johns', 'b8b397bd-e5f6-4221-b9a7-216284e69169', 2023, 6, 14, 'https://picsum.photos/200/300', 2),
	(80, 'centum paens tabella', 'Neal Cartwright', 'b0f6a007-1337-45a6-9bb0-697a6b859572', 2024, 4, 16, 'https://picsum.photos/200/300', 6),
	(81, 'harum avaritia depono', 'Lorena O\'Hara', 'e69b7b6c-c726-4cb0-9d90-7cf6e6804a12', 2023, 1, 15, 'https://picsum.photos/200/300', 13),
	(82, 'sublime audacia aurum', 'Philip Langosh', 'd619f6a4-e44e-487d-bb33-3d7533ba8d1c', 2023, 10, 11, 'https://picsum.photos/200/300', 2),
	(83, 'facere vomica cervus', 'Mario Stokes', 'b062413c-9dd9-4c5f-ae1c-f696933e4675', 2023, 5, 11, 'https://picsum.photos/200/300', 12),
	(84, 'tredecim tactus ager', 'Chris Torphy', '1fc354b0-bb64-4757-a2d8-2a5ffb3c748e', 2023, 1, 19, 'https://picsum.photos/200/300', 12),
	(85, 'vehemens vivo abscido', 'Gregg Daugherty I', '54020208-5ddc-4f56-a1de-b32d976aa94a', 2023, 7, 8, 'https://picsum.photos/200/300', 4),
	(86, 'antea cupiditas ager', 'Lowell Boyer', '76980f48-30bb-4b13-b7ce-1a8504ae48e3', 2023, 10, 17, 'https://picsum.photos/200/300', 13),
	(87, 'degusto crebro taceo', 'Vanessa Halvorson', '7d3dc8c8-bfa4-4594-bc4a-b552a4bad994', 2024, 9, 9, 'https://picsum.photos/200/300', 7),
	(88, 'adipiscor culpo ullus', 'Horace Halvorson', '70e6d37d-a526-44be-bdf7-b25effb06f19', 2023, 10, 18, 'https://picsum.photos/200/300', 1),
	(89, 'viridis considero baiulus', 'Conrad McCullough IV', 'eff8f4b8-5569-4c75-b4eb-97351e222a18', 2024, 4, 19, 'https://picsum.photos/200/300', 3),
	(90, 'earum tracto demum', 'Lela Stracke', 'c0e77e88-f67a-43ae-9410-1a3fa32d943f', 2023, 7, 13, 'https://picsum.photos/200/300', 2),
	(91, 'tredecim volup suppellex', 'Mrs. Mandy Fadel-Smith', 'ccb53b8f-4ddb-44a5-8c79-91d5faed0f36', 2024, 7, 8, 'https://picsum.photos/200/300', 9),
	(92, 'carmen earum verto', 'Cory Hodkiewicz-Johnson', '383a187d-f0b9-4fe2-8cdb-730ad6585641', 2024, 8, 13, 'https://picsum.photos/200/300', 8),
	(93, 'officia molestiae explicabo', 'Omar Blick', '6d4294ff-b72b-4aa7-a9b0-e7670fac213b', 2024, 2, 15, 'https://picsum.photos/200/300', 3),
	(94, 'adversus laborum quisquam', 'Angelica Bechtelar', '7962e433-5cd1-476a-9a58-1d2d6eabe3e6', 2024, 5, 5, 'https://picsum.photos/200/300', 19),
	(95, 'spes ager auctor', 'Nathaniel Hagenes DVM', '647ffbc4-7b1c-4ca1-a81a-ce6dd0102804', 2024, 16, 16, 'https://picsum.photos/200/300', 8),
	(96, 'usus degusto sustineo', 'Marion Fay', '8fb54e4a-5581-4c6f-aba5-34169b10a930', 2023, 4, 20, 'https://picsum.photos/200/300', 4),
	(97, 'apostolus celer adamo', 'Gwendolyn Beatty', '245eab01-8f65-403d-8c7a-a8c0d2c9f08c', 2023, 3, 10, 'https://picsum.photos/200/300', 16),
	(98, 'terror comitatus maiores', 'Minnie Mueller', '2a04fd31-625c-4b2b-8c30-9635f4297414', 2024, 9, 18, 'https://picsum.photos/200/300', 19),
	(99, 'derideo tam cernuus', 'Ms. Marion Glover', '78c993bf-aa5d-4f31-a504-d178cfc994dd', 2024, 8, 18, 'https://picsum.photos/200/300', 12),
	(100, 'candidus clarus adopto', 'Salvatore Turner', 'd29d5be8-443f-44f2-a2b8-5887ad5fcc41', 2023, 11, 16, 'https://picsum.photos/200/300', 17),
	(101, 'decipio tam maiores', 'Alexander Schuppe', 'd0d52de2-dca5-4077-afd1-bd112e4d9859', 2024, 4, 6, 'https://picsum.photos/200/300', 16),
	(102, 'vere administratio supra', 'Celia Reinger PhD', 'bfc637e5-3629-4a84-83f9-e287d4c89155', 2023, 1, 6, 'https://picsum.photos/200/300', 1),
	(103, 'votum quas aveho', 'Darrin Thiel DVM', '4f5ed5a5-41b3-4fd2-a25c-ec28db7a1b96', 2023, 8, 15, 'https://picsum.photos/200/300', 11),
	(104, 'claudeo asperiores adipiscor', 'Fannie Nikolaus', '39232c1b-670f-4886-b539-dd8444884839', 2024, 2, 6, 'https://picsum.photos/200/300', 6),
	(105, 'congregatio quia vulticulus', 'Edith Crona', '17e819ed-d92a-4c70-8ee7-a0ded93f9a27', 2024, 1, 6, 'https://picsum.photos/200/300', 13),
	(106, 'tergiversatio admitto sono', 'Alberta Rice', '77c39691-70c4-4cab-8518-1c9f1337c772', 2024, 14, 18, 'https://picsum.photos/200/300', 4),
	(107, 'aequus cilicium defaeco', 'Mattie Runte', '886bdb31-ccfb-4027-be9d-131055037c3f', 2024, 4, 6, 'https://picsum.photos/200/300', 6),
	(108, 'antiquus repellendus spero', 'Clint Dietrich', '26c6c3ea-88fd-45d4-a7ac-59e28322d863', 2023, 2, 17, 'https://picsum.photos/200/300', 3),
	(109, 'tenuis tenetur terebro', 'Mike Jacobs', '50bdcb0b-4e42-4b94-9e26-fb0889734c87', 2024, 11, 14, 'https://picsum.photos/200/300', 2),
	(110, 'cernuus perferendis tametsi', 'Jane Fadel', '6f66acd1-97df-49ce-99ba-90d873a60af8', 2023, 1, 7, 'https://picsum.photos/200/300', 5),
	(111, 'attollo aggero ciminatio', 'Fannie Purdy', 'b43ccdfc-b3dc-44a9-a211-dc31402e71cd', 2024, 1, 18, 'https://picsum.photos/200/300', 13),
	(112, 'adinventitias auxilium tenuis', 'Arnold Metz', '107cf4dd-7388-475b-8210-96db458c5d5a', 2024, 12, 20, 'https://picsum.photos/200/300', 17),
	(113, 'sed timidus minima', 'Elaine Hamill', '0f7c9ea1-2b1b-4b3f-8f94-0b19902b1d52', 2023, 5, 10, 'https://picsum.photos/200/300', 7),
	(114, 'sumo ater commemoro', 'Sue Homenick', 'd981221d-5f98-4251-964b-8042acc9c751', 2024, 8, 8, 'https://picsum.photos/200/300', 11),
	(115, 'conforto uredo sol', 'Willie Boyle', '5f629281-b43d-43ec-96d3-f2bc31531dec', 2024, 10, 10, 'https://picsum.photos/200/300', 1),
	(116, 'tristis utpote subito', 'Vickie Wuckert', 'a3d4ce10-ed19-4bba-baff-c1213d29fe76', 2024, 2, 5, 'https://picsum.photos/200/300', 4),
	(117, 'adulescens et basium', 'Kirk Gutmann', '3c7ba45b-976e-4c8e-bec1-359daeeb1aaf', 2023, 5, 14, 'https://picsum.photos/200/300', 14),
	(118, 'ademptio nostrum tardus', 'Kristine Dibbert', '2c8c0f80-de02-435a-8309-6c2a1e91f6aa', 2023, 13, 18, 'https://picsum.photos/200/300', 7),
	(119, 'aedificium cras tempus', 'Aaron Deckow', '34d7d40b-849d-4dec-b292-faf7f35ed139', 2024, 6, 20, 'https://picsum.photos/200/300', 1),
	(120, 'centum maxime tego', 'Mr. Colin Strosin', '2364215e-0f01-4747-b04c-917add4ea42c', 2023, 4, 5, 'https://picsum.photos/200/300', 11),
	(121, 'subvenio tamen crustulum', 'Dr. Jackie Dickinson', 'ba3b09a8-f96f-4617-b67c-0453ad1e7804', 2024, 1, 5, 'https://picsum.photos/200/300', 15),
	(122, 'crastinus nisi cometes', 'Marlon Green', '784d0162-f6bb-4522-b596-555e986310e4', 2024, 8, 15, 'https://picsum.photos/200/300', 16),
	(123, 'voco ulterius talus', 'Ora Goodwin', '47f97b01-4e90-4fcd-9956-392da8291262', 2024, 3, 14, 'https://picsum.photos/200/300', 12),
	(124, 'sed alias verto', 'Manuel Skiles', '34de7eeb-7a75-4285-aa90-2c31386308f1', 2023, 12, 13, 'https://picsum.photos/200/300', 4),
	(125, 'thesaurus illo absum', 'Miss Christy Herzog', '0658f793-ffba-4836-9349-30559a71772b', 2023, 2, 7, 'https://picsum.photos/200/300', 9),
	(126, 'utrimque utor voluntarius', 'Robin Lockman', '85d9e717-112c-49a5-bdec-4385adfd71f4', 2024, 10, 13, 'https://picsum.photos/200/300', 2),
	(127, 'bene sed terminatio', 'Christopher Konopelski', 'fcd42b59-7fe3-4b9e-918d-921c3c00e344', 2024, 13, 13, 'https://picsum.photos/200/300', 16),
	(128, 'thesis deporto carus', 'Blake Gislason', '579a30ca-c136-4734-9229-3cb026f2a152', 2024, 6, 18, 'https://picsum.photos/200/300', 1),
	(129, 'depopulo pectus aestivus', 'Richard Hammes', 'b684b1dd-180a-4362-b47a-a6693f768014', 2023, 3, 10, 'https://picsum.photos/200/300', 1),
	(130, 'collum ultra solium', 'Heather Ritchie', '5d864ade-5bab-47d7-ad09-9547ed69c223', 2023, 8, 12, 'https://picsum.photos/200/300', 3),
	(131, 'corrumpo usque admoneo', 'Dr. Jenna Morar I', '332e561f-df86-411b-ad13-6ff65458bd90', 2024, 3, 12, 'https://picsum.photos/200/300', 11),
	(132, 'arbor suus asper', 'Felicia Crooks', '9cdbf369-fc5c-49f0-b579-879c7068cb7a', 2024, 13, 18, 'https://picsum.photos/200/300', 10),
	(133, 'copiose vilitas angustus', 'Shane Leuschke', 'af1c34e8-b69c-40e3-abff-dfedcdbd0313', 2023, 15, 15, 'https://picsum.photos/200/300', 15),
	(134, 'subseco terminatio cursim', 'Ben Pfeffer', 'f3216470-bf1c-41aa-9f78-9dd82d2214af', 2023, 9, 19, 'https://picsum.photos/200/300', 1),
	(135, 'tantillus solitudo sol', 'Ervin Heaney', '80af4e05-c718-4338-b2a4-edf2652430d8', 2023, 5, 7, 'https://picsum.photos/200/300', 5),
	(136, 'sonitus adamo tergo', 'Miss Antonia Kovacek', '36285077-ae96-42ec-8715-da7f676567f7', 2024, 4, 6, 'https://picsum.photos/200/300', 19),
	(137, 'corrumpo crastinus avarus', 'Dawn Okuneva Sr.', '2fbd8953-505b-4f0e-b0df-609a7c6b2424', 2023, 3, 19, 'https://picsum.photos/200/300', 2),
	(138, 'quis aegrus alius', 'Simon Schultz III', '77194c59-8d33-4f3c-a85d-828442bc5a35', 2024, 11, 11, 'https://picsum.photos/200/300', 4),
	(139, 'quis verbera quasi', 'Mr. Stanley Rath', 'b28eb942-b55a-4d10-9dc2-7af65dcb09ad', 2024, 9, 9, 'https://picsum.photos/200/300', 2),
	(140, 'angulus denuo delicate', 'Patti Hauck', 'e29c959c-a8bb-442e-acf2-d569c42017fd', 2023, 1, 9, 'https://picsum.photos/200/300', 5),
	(141, 'ambitus vacuus coniuratio', 'Mrs. Sophia Leffler', 'f0f3be6e-ac9a-477d-9b1b-2c8261d48002', 2023, 16, 18, 'https://picsum.photos/200/300', 6),
	(142, 'crur coepi adinventitias', 'Miranda Treutel', 'e7ab5bce-2431-415b-b3b5-531886c6b458', 2024, 7, 14, 'https://picsum.photos/200/300', 14),
	(143, 'tamdiu ducimus amo', 'Kim Lesch-Rogahn', '90fe52c5-4ce8-4d69-977a-0b5e52467549', 2023, 2, 12, 'https://picsum.photos/200/300', 2),
	(144, 'arto neque carcer', 'Miss Lena VonRueden', '37ab0fda-2232-48b2-a899-b51b481605e3', 2024, 1, 7, 'https://picsum.photos/200/300', 4),
	(145, 'sed compono spoliatio', 'Kara Stracke', 'e0fe3662-7f07-4714-8876-a3ac6811f9b8', 2024, 9, 18, 'https://picsum.photos/200/300', 9),
	(146, 'quia audeo caute', 'Craig Konopelski DVM', '27b0365e-a2b1-4ceb-8e3b-f44366fa4307', 2024, 3, 10, 'https://picsum.photos/200/300', 10),
	(147, 'suasoria acidus sono', 'Ellen Langworth', 'f6138976-2c9d-4ec2-84d8-8d1ea88b2445', 2023, 3, 5, 'https://picsum.photos/200/300', 9),
	(148, 'voluptate attero cui', 'Billie Boehm', '8ed15fbd-5bf5-4afe-bef2-464ba2e39b47', 2023, 12, 14, 'https://picsum.photos/200/300', 12),
	(149, 'circumvenio maiores abeo', 'Glenda Kozey', 'b6c977b3-cb96-403a-a1ac-54fcda7d1ab0', 2024, 7, 10, 'https://picsum.photos/200/300', 13),
	(150, 'aegrus amet eligendi', 'Marie Erdman', '065ce529-52c9-4bb0-ad1f-3563dc3352d0', 2023, 11, 12, 'https://picsum.photos/200/300', 9),
	(151, 'aeneus solutio subseco', 'Garrett Marquardt', '4675ecd5-7322-4403-b9f2-e35eeccf7d3a', 2024, 19, 19, 'https://picsum.photos/200/300', 16),
	(152, 'civitas vomica deporto', 'Guadalupe Bosco-Waters', 'c8f417a3-2b07-44a7-aaf8-797ec9ac3679', 2023, 9, 18, 'https://picsum.photos/200/300', 7),
	(153, 'dignissimos patria validus', 'Lillie Mante', 'b72b1bcc-5bce-4d06-b9b7-854a088607f2', 2023, 2, 10, 'https://picsum.photos/200/300', 15),
	(154, 'cibus chirographum fugit', 'Teresa Schmidt', '7dfb682f-ef72-43d6-82bb-30074e0e87b7', 2024, 4, 16, 'https://picsum.photos/200/300', 3),
	(155, 'totidem necessitatibus tepesco', 'Roosevelt Quitzon', '067bc9db-8a58-4774-a56f-4e1c9892ddad', 2024, 8, 13, 'https://picsum.photos/200/300', 17),
	(156, 'adaugeo deprecator caute', 'Phillip Wilderman', 'cc356d6e-9329-4134-9fa9-d4ae746b3c99', 2024, 5, 6, 'https://picsum.photos/200/300', 4),
	(157, 'molestiae subvenio arto', 'Billie Fadel', '8f4693ac-2b36-432b-8bbe-e8fbb82241af', 2024, 15, 18, 'https://picsum.photos/200/300', 20),
	(158, 'illum depopulo tempore', 'Laverne Runolfsdottir', 'da2072e7-556a-4fc8-b8b6-5087f14a6bf5', 2024, 12, 16, 'https://picsum.photos/200/300', 15),
	(159, 'succurro id alter', 'Constance Grady', 'c81bfa3d-d49c-45bd-a3b5-e16eb21bdd19', 2023, 7, 15, 'https://picsum.photos/200/300', 15),
	(160, 'attero aedificium tam', 'Rebecca Runte', 'afc63968-9e4e-4c5a-b548-d45d5bd8974c', 2024, 11, 20, 'https://picsum.photos/200/300', 16),
	(161, 'subvenio conqueror clarus', 'Orlando Friesen', 'b9080b28-42d9-401a-acb8-2f39a3b04c7e', 2024, 6, 12, 'https://picsum.photos/200/300', 17),
	(162, 'textor curto itaque', 'Jim Borer', '06e80bb3-91b9-4dde-8540-b90c78cd7c70', 2024, 14, 14, 'https://picsum.photos/200/300', 1),
	(163, 'fuga toties rem', 'Sheila Kuphal', '24e0bbf9-e6b6-43ee-ac35-999718855ff0', 2023, 9, 13, 'https://picsum.photos/200/300', 17),
	(164, 'vir arx temeritas', 'Sarah Mante', 'aac48fdd-c008-4d91-9822-dc6227dcf9e5', 2024, 13, 18, 'https://picsum.photos/200/300', 6),
	(165, 'vicissitudo acervus eligendi', 'Beverly O\'Conner', 'f2028fcc-30c7-4ca7-9078-e3f82762bd33', 2024, 10, 10, 'https://picsum.photos/200/300', 20),
	(166, 'colligo alias cena', 'Ronald Reichert', '954221fb-4ea4-4ca6-b0fd-bd8036f05cd2', 2023, 1, 10, 'https://picsum.photos/200/300', 16),
	(167, 'cuius crastinus admitto', 'Dave Deckow', '0c871f8a-ca91-4d15-9664-a2e280338d4e', 2024, 1, 5, 'https://picsum.photos/200/300', 12),
	(168, 'demoror crebro apostolus', 'Andre Jacobs', '699de569-1bff-4192-b20b-643bb2071ec7', 2024, 1, 8, 'https://picsum.photos/200/300', 10),
	(169, 'certus voluptates trado', 'Rafael Champlin', '877afb23-10ea-4ffb-b6f5-6864752fb104', 2024, 4, 6, 'https://picsum.photos/200/300', 11),
	(170, 'atque incidunt deleniti', 'Jill Hettinger DVM', '2ff27315-fe3a-4eb3-8d87-22be4473462d', 2024, 6, 15, 'https://picsum.photos/200/300', 7),
	(171, 'custodia speculum defleo', 'Kristin Heller', 'f3d6f923-506c-493f-9ea9-f41053bfd13a', 2024, 8, 9, 'https://picsum.photos/200/300', 17),
	(172, 'officiis tametsi vero', 'Sally Heidenreich', '59c130c4-fc35-4b23-beb2-60bd30969a6a', 2024, 11, 12, 'https://picsum.photos/200/300', 14),
	(173, 'synagoga ciminatio termes', 'Meredith Feest III', '3a72b75c-f7e8-4bec-94bb-f8b164f74cd2', 2023, 2, 7, 'https://picsum.photos/200/300', 12),
	(174, 'bibo aranea aeternus', 'Theresa Crona Jr.', 'e6a8e6de-8ee1-4868-82fc-a4b5a1f25e84', 2024, 10, 14, 'https://picsum.photos/200/300', 8),
	(175, 'fugiat caries curis', 'Cedric Kessler', '030087a7-ba91-4885-b5ab-47cf7b528e80', 2023, 13, 14, 'https://picsum.photos/200/300', 9),
	(176, 'sustineo atque socius', 'Kristie Bahringer', 'c30727cd-3af9-416e-a517-e74b795ffd02', 2023, 7, 8, 'https://picsum.photos/200/300', 15),
	(177, 'spectaculum velit verecundia', 'George Bashirian', '445cc91a-125c-413d-9174-627002189a80', 2023, 2, 5, 'https://picsum.photos/200/300', 5),
	(178, 'conqueror neque alias', 'Dr. Thelma Kautzer', '8deed4dd-533d-43f4-a747-a4f073ef1117', 2024, 10, 16, 'https://picsum.photos/200/300', 18),
	(179, 'certe sustineo artificiose', 'Mary Gleichner', '62ba3500-bccb-4004-8b10-2cd93951f542', 2024, 4, 6, 'https://picsum.photos/200/300', 16),
	(180, 'dolores uter undique', 'Terry Mante', 'eeb42239-0bad-4f12-a594-8ca230a9e8da', 2023, 4, 8, 'https://picsum.photos/200/300', 14),
	(181, 'saepe deficio ipsum', 'Kirk Boehm', '9989b34b-ccb1-441c-b816-4731f0524708', 2023, 6, 18, 'https://picsum.photos/200/300', 19),
	(182, 'blandior verumtamen curia', 'Dustin Beatty', 'e501bbfa-fefd-40d3-83a6-f1c6cc1908fe', 2023, 5, 6, 'https://picsum.photos/200/300', 7),
	(183, 'patria confugo audentia', 'Katrina Larkin', 'be32f413-6449-47fe-84d9-b255cab549e6', 2024, 4, 16, 'https://picsum.photos/200/300', 13),
	(184, 'tener alienus strues', 'Jesus Murazik', '0ab779ac-1010-45b6-9bfd-7c3c493f620f', 2024, 7, 9, 'https://picsum.photos/200/300', 15),
	(185, 'quibusdam patria abeo', 'Roman Rippin', '247ae0a4-fccd-4ab1-8b00-4623f37d0750', 2023, 13, 19, 'https://picsum.photos/200/300', 4),
	(186, 'cur aequus aptus', 'Debbie Turner', '4771ce12-673a-4fda-90ef-db9f675b0065', 2023, 3, 7, 'https://picsum.photos/200/300', 18),
	(187, 'bellum aestivus vinitor', 'Jim Macejkovic', 'f44496f0-176e-41ab-9942-030167929dd6', 2024, 12, 14, 'https://picsum.photos/200/300', 17),
	(188, 'conitor abduco urbs', 'Devin Farrell', '0c477ecf-4e1c-4599-b2f5-a02a549f296c', 2023, 5, 18, 'https://picsum.photos/200/300', 9),
	(189, 'aptus ascisco deorsum', 'Beverly Hammes', 'd9a0042c-e731-4a6e-b845-4f916e218ce0', 2023, 2, 7, 'https://picsum.photos/200/300', 20),
	(190, 'clamo synagoga spargo', 'Juanita Brekke Sr.', 'e9e60ac3-ab96-4634-9343-3fa4aab7ee9a', 2024, 14, 17, 'https://picsum.photos/200/300', 7),
	(191, 'adulescens alias comes', 'Emma Jacobson', '845ef3d9-dae2-4666-8882-e0252cf6287a', 2024, 6, 16, 'https://picsum.photos/200/300', 6),
	(192, 'colo explicabo certus', 'Marsha West III', 'c2da4f75-0f25-40d4-9195-1b20af986e62', 2023, 1, 10, 'https://picsum.photos/200/300', 7),
	(193, 'deprimo cursus vinculum', 'Mr. Lewis Kessler', '863f79de-08b5-4a6b-875b-7d1a18ac0aea', 2024, 2, 19, 'https://picsum.photos/200/300', 3),
	(194, 'debeo certe aegrus', 'Nancy Schmidt', '35db7ecb-831c-4fae-a7c0-338a1cc29ee8', 2023, 2, 5, 'https://picsum.photos/200/300', 10),
	(195, 'certe tantum dicta', 'Neal Erdman', '31aa2fff-552f-4573-872b-257c1165357a', 2024, 5, 12, 'https://picsum.photos/200/300', 18),
	(196, 'unus truculenter aggero', 'Marion Barton', 'b5d3c415-699e-421f-833c-ecaa12cc29c5', 2023, 18, 19, 'https://picsum.photos/200/300', 13),
	(197, 'defessus volaticus turba', 'Domingo O\'Conner', '55b3ff9f-9a0b-4e54-8eab-9bda80cc62ae', 2024, 11, 16, 'https://picsum.photos/200/300', 13),
	(198, 'cavus auctor amor', 'Leona Paucek', '499acf03-ce08-4ea6-9916-341ad2a21b96', 2024, 10, 10, 'https://picsum.photos/200/300', 2),
	(199, 'hic bos cumque', 'Craig Hackett-Stanton', '5b9a6e55-e632-4eb5-8c62-c1db5964c3f6', 2024, 6, 12, 'https://picsum.photos/200/300', 20),
	(200, 'tantillus cerno super', 'Shane Beatty', '33e4b3da-08f2-4a2c-b960-c7ebe2a510a1', 2023, 7, 9, 'https://picsum.photos/200/300', 6),
	(201, 'bardus arceo quibusdam', 'Trevor Russel V', '60e44b49-7f94-4ec2-b5ce-bfe40844a5db', 2023, 3, 15, 'https://picsum.photos/200/300', 14),
	(202, 'atrox adsuesco vulticulus', 'Simon Crona', 'd4fdf6e6-85ce-4126-a009-7f20c5c07ab7', 2024, 3, 8, 'https://picsum.photos/200/300', 5),
	(203, 'adinventitias vetus tamdiu', 'Bessie Runolfsdottir', 'ba779e31-960e-4cb7-bd92-66a632fbee3d', 2024, 1, 7, 'https://picsum.photos/200/300', 15),
	(204, 'clarus demonstro ducimus', 'Della Gibson', '9a6afa88-7595-4ec0-953c-6b7593074e56', 2023, 4, 5, 'https://picsum.photos/200/300', 13),
	(205, 'volaticus optio assentator', 'Leigh Nienow MD', '4cebe4f6-e7ab-41a1-8ccb-e024da18fcc6', 2023, 3, 5, 'https://picsum.photos/200/300', 8),
	(206, 'cauda credo acceptus', 'Lyle Macejkovic', '12a16057-fc4b-499f-9295-7537374f7e89', 2023, 11, 13, 'https://picsum.photos/200/300', 8),
	(207, 'totidem carpo templum', 'Alan Cummerata', 'df512048-68ed-4c1a-8dba-3f33af01f03b', 2024, 6, 14, 'https://picsum.photos/200/300', 10),
	(208, 'conor acerbitas vito', 'Krystal Runolfsson', 'e2530ad1-c8dc-4bee-9b86-44c47e809f0e', 2024, 1, 5, 'https://picsum.photos/200/300', 4),
	(209, 'amicitia audacia delego', 'Wilson Reichel', 'c57d216a-12f8-4890-ae14-ec7d14a00e3f', 2023, 2, 8, 'https://picsum.photos/200/300', 15),
	(210, 'umerus cunabula velum', 'Marvin Bode', '69c3ba84-2dd8-49e3-9113-65899b16bd1d', 2024, 11, 20, 'https://picsum.photos/200/300', 7),
	(211, 'vester sublime callide', 'Ervin Cummerata', '967fbfed-7f45-4d85-8c6e-d10ae4d18988', 2024, 5, 7, 'https://picsum.photos/200/300', 5),
	(212, 'spoliatio usitas aptus', 'Patricia Brakus', 'cf06ee66-d243-44dc-b51b-89da3ae2df50', 2023, 3, 18, 'https://picsum.photos/200/300', 18),
	(213, 'vaco sursum sapiente', 'Howard Monahan DVM', '9c7ae7a5-301b-458b-bf43-1bee4861458b', 2024, 7, 7, 'https://picsum.photos/200/300', 16),
	(214, 'aestivus id cernuus', 'Faith Kihn Jr.', '5a30b746-d0bb-4d75-b8a3-e7311513e04f', 2024, 15, 18, 'https://picsum.photos/200/300', 14),
	(215, 'creator adhaero vis', 'Dr. Johnny Streich', '28fff9b4-d4ef-4764-8c17-bcf32ef12fbb', 2023, 3, 11, 'https://picsum.photos/200/300', 4),
	(216, 'voluptas ab adeo', 'Mr. Cameron Macejkovic', 'c39e7622-5899-4b43-ada0-b395a7af1a14', 2023, 12, 14, 'https://picsum.photos/200/300', 20),
	(217, 'vulgus urbs tempora', 'Gloria Schimmel', 'b2b5ebbf-5992-43db-acd8-6e0e80eb652e', 2023, 17, 18, 'https://picsum.photos/200/300', 12),
	(218, 'venustas tredecim solum', 'Gilbert Raynor', '1c57a936-9efe-4b95-a655-0833d6bf4dd2', 2024, 4, 5, 'https://picsum.photos/200/300', 2),
	(219, 'allatus pecco curia', 'Alyssa Gleichner', '916e457b-6f55-4df5-85c9-593abf2f8f88', 2023, 15, 17, 'https://picsum.photos/200/300', 7),
	(220, 'temeritas subito ultio', 'Ms. Bridget Hoppe', '9f0b59c8-602b-41e3-ba45-725abcc9ece9', 2024, 3, 9, 'https://picsum.photos/200/300', 5),
	(221, 'valeo cupiditas colligo', 'Johnny Altenwerth', '80e7a981-a0c8-4e0d-bed4-6c4642f118f9', 2024, 5, 6, 'https://picsum.photos/200/300', 9),
	(222, 'temporibus aggredior spargo', 'Dustin Olson', '05198ec1-855b-4d9f-889e-6fb13ee4a142', 2023, 3, 12, 'https://picsum.photos/200/300', 10),
	(223, 'amicitia vallum claro', 'Kimberly Ziemann', '0b0db009-b27e-4372-910f-ad1218650775', 2024, 15, 15, 'https://picsum.photos/200/300', 5),
	(224, 'ustulo acerbitas sequi', 'Audrey Kiehn', 'e240e636-511b-457e-aaf1-3688eeeb49d6', 2024, 6, 9, 'https://picsum.photos/200/300', 8),
	(225, 'deludo adsidue blanditiis', 'Orville Kohler', 'bf1e98f4-6792-418e-b518-41bc0f282b62', 2024, 4, 18, 'https://picsum.photos/200/300', 9),
	(226, 'sint cotidie confido', 'Mildred Quigley', 'caca1649-24fd-4491-ba7d-b8b8f6f3270d', 2024, 6, 20, 'https://picsum.photos/200/300', 4),
	(227, 'conatus solvo aurum', 'Julian Gerhold', 'eae0e592-1015-4210-8b72-d99b8025026c', 2023, 10, 10, 'https://picsum.photos/200/300', 7),
	(228, 'depopulo caute benigne', 'Darren Koelpin', '8b664eef-32f6-481d-a9e0-c7bc3e655551', 2023, 7, 19, 'https://picsum.photos/200/300', 15),
	(229, 'textor cetera peccatus', 'Hattie Harber', '653e7ab1-7f11-40bb-a566-6ac3d9ef2288', 2024, 4, 6, 'https://picsum.photos/200/300', 20),
	(230, 'campana nisi cavus', 'Sue Wyman', '575bcd9a-3a5d-4763-9523-a6f723a215e8', 2024, 9, 13, 'https://picsum.photos/200/300', 17),
	(231, 'ambulo ager socius', 'Rosalie Effertz', 'c47d9261-2172-43cf-86e3-02fe2f774257', 2024, 2, 19, 'https://picsum.photos/200/300', 8),
	(232, 'traho ullam adiuvo', 'Duane Boyer', '6a6ea14f-2847-4fec-8c70-f081b1a773bf', 2024, 12, 20, 'https://picsum.photos/200/300', 11),
	(233, 'beneficium cogo arma', 'Chester Quigley', '5156f53e-c106-4f2d-878c-9776845391a8', 2024, 10, 10, 'https://picsum.photos/200/300', 3),
	(234, 'amaritudo thalassinus cinis', 'Suzanne Emard', 'bb1b8f17-955f-4196-875c-1f33de529873', 2024, 1, 8, 'https://picsum.photos/200/300', 4),
	(235, 'suffragium substantia adstringo', 'Jan Carter-Schaden', 'abca5260-7f69-4564-a186-7be8462936bb', 2024, 6, 8, 'https://picsum.photos/200/300', 6),
	(236, 'patior vinitor alii', 'Andy Block', 'f5f2da51-078d-4397-99c5-48bc86f14b05', 2024, 10, 11, 'https://picsum.photos/200/300', 18),
	(237, 'deputo trans avarus', 'Miss Cristina Franecki', '006acbf7-118e-4778-8574-106138e47d20', 2024, 1, 10, 'https://picsum.photos/200/300', 1),
	(238, 'candidus cuppedia tepesco', 'Amy Williamson', '693c465f-0319-494d-8abc-9b54e2a75741', 2024, 2, 6, 'https://picsum.photos/200/300', 10),
	(239, 'comburo suus atque', 'Jacqueline Kovacek', '66bab5f9-45cc-4930-b4b6-e76ee3659718', 2024, 6, 7, 'https://picsum.photos/200/300', 5),
	(240, 'culpa thymum vesco', 'Jackie Zieme MD', 'c496d38c-d380-4d1c-9510-3c8c30304d3b', 2024, 12, 16, 'https://picsum.photos/200/300', 14),
	(241, 'accusator cervus cunctatio', 'Wm Kris', '8db3c298-8912-4568-b641-a3ea7c6994cd', 2024, 3, 11, 'https://picsum.photos/200/300', 17),
	(242, 'crudelis derelinquo comprehendo', 'Dr. Alex Emard Sr.', '6b15f5ea-8f6d-487f-ae3b-394b5041d8c4', 2024, 6, 6, 'https://picsum.photos/200/300', 19),
	(243, 'earum subito unus', 'Toni Kulas', 'cf22ab77-1489-40d0-8c7a-47c573c7dd99', 2023, 10, 15, 'https://picsum.photos/200/300', 20),
	(244, 'subiungo paulatim cubitum', 'Rex Powlowski', 'a8b5f537-d243-4515-b414-c0a82ccc0aa3', 2024, 7, 13, 'https://picsum.photos/200/300', 19),
	(245, 'accedo voveo copia', 'Leon Cassin', '9787b258-02e6-4fc3-9417-fdee4b7adb9c', 2023, 3, 11, 'https://picsum.photos/200/300', 16),
	(246, 'ipsum temeritas crastinus', 'Opal Bauch', 'f03604f9-643e-4ef8-9618-d2df47397c06', 2024, 1, 16, 'https://picsum.photos/200/300', 20),
	(247, 'pariatur tamen confero', 'Dora Parisian', 'aadf5d1a-95b4-42d7-a2c6-629934a5b173', 2024, 3, 16, 'https://picsum.photos/200/300', 9),
	(248, 'amet tantum a', 'Ms. Elvira Okuneva III', 'b34b8939-6ec3-48e3-9387-7840f9a7e5ac', 2023, 6, 12, 'https://picsum.photos/200/300', 17),
	(249, 'bellicus maiores vir', 'Dr. Tina Greenholt', '4d7c07a0-e90b-44a8-98fe-21d89a989a01', 2023, 1, 20, 'https://picsum.photos/200/300', 7),
	(250, 'velut amaritudo contabesco', 'Meghan Rohan', 'b082a525-4e04-4d22-bd35-5a4a39f3d72d', 2023, 3, 7, 'https://picsum.photos/200/300', 12),
	(251, 'turbo canonicus decretum', 'Rafael Bayer', '01cbdb6b-50f2-4625-9b52-4cf9950a0796', 2024, 5, 10, 'https://picsum.photos/200/300', 20),
	(252, 'cena caste culpo', 'Wilfred O\'Keefe', 'e3bc1747-829f-4b49-b71d-0980c086cfcf', 2024, 4, 6, 'https://picsum.photos/200/300', 3),
	(253, 'quos ademptio et', 'Saul Crist', 'af190a7b-7bd2-46d8-919c-4845bd05d455', 2024, 1, 7, 'https://picsum.photos/200/300', 12),
	(254, 'triumphus terra atrocitas', 'Eula Schroeder DVM', '1ff4e371-63b9-4b51-bc40-3c0338c4c9bf', 2024, 6, 6, 'https://picsum.photos/200/300', 6),
	(255, 'attero cunctatio repudiandae', 'Ms. Janis Will', '7e946d73-019b-447f-a41e-80c5c34363d2', 2023, 1, 12, 'https://picsum.photos/200/300', 5),
	(256, 'neque cumque adhaero', 'Steven Hodkiewicz', 'ab7ff9dc-95a2-492b-8e3c-fddb2e9ee677', 2024, 1, 12, 'https://picsum.photos/200/300', 15),
	(257, 'conservo amet viridis', 'Tyrone Erdman', '59c44470-46ff-4546-aac4-2b525145cec6', 2024, 14, 14, 'https://picsum.photos/200/300', 19),
	(258, 'labore quisquam vitiosus', 'Alfred Hettinger', '0d72f9f4-7a01-44c0-8a54-a824937fc75b', 2024, 8, 13, 'https://picsum.photos/200/300', 3),
	(259, 'compello canonicus suscipio', 'Dr. Brad Wisozk', '3ea389ac-fea2-455e-8ba6-ac7d38b9129e', 2023, 1, 5, 'https://picsum.photos/200/300', 18),
	(260, 'tonsor corrupti deputo', 'Mrs. Whitney Walker', 'a0469da8-6f6d-4520-afa9-3d5b49b7fbbc', 2023, 7, 10, 'https://picsum.photos/200/300', 15),
	(261, 'comis supellex vulgo', 'Allan Schaefer', 'd7dcb61c-8d28-4414-a092-f20f815082e5', 2024, 16, 16, 'https://picsum.photos/200/300', 11),
	(262, 'temporibus celo capto', 'Mr. Shane Lueilwitz', '4dbd687f-7582-4621-874e-4dfac4e729b4', 2024, 12, 16, 'https://picsum.photos/200/300', 5),
	(263, 'via iusto adeptio', 'Geoffrey Hintz', '2b5124fb-87a2-44da-a2a9-9375e2c4a1df', 2024, 3, 11, 'https://picsum.photos/200/300', 17),
	(264, 'cursim tutamen arca', 'Hope Gottlieb', 'fa371959-4e2e-486d-9101-fb588f8a7c3d', 2024, 1, 20, 'https://picsum.photos/200/300', 17),
	(265, 'velut utor ars', 'Armando D\'Amore', 'b003691b-7491-4c2b-a989-92cdbe4a0fc2', 2024, 1, 6, 'https://picsum.photos/200/300', 8),
	(266, 'officia tondeo ver', 'Lindsay Wisozk', '1b467275-8f82-4d16-b64e-613c03e1c0a6', 2024, 4, 5, 'https://picsum.photos/200/300', 19),
	(267, 'ipsum natus repellat', 'Natalie Ferry', '4f5ee7d0-7e6f-4d5b-88c6-f07baa1822fd', 2023, 7, 16, 'https://picsum.photos/200/300', 7),
	(268, 'aedificium uxor attollo', 'Hugo Okuneva', 'a5dbd8b3-e31d-4fe4-bbcb-c66c0b95086f', 2024, 9, 14, 'https://picsum.photos/200/300', 2),
	(269, 'timor odit veritatis', 'Elaine Bergstrom', '7b54fd6f-7500-45fd-a6b4-ef95e9f9df30', 2023, 5, 8, 'https://picsum.photos/200/300', 12),
	(270, 'vere vinum dolorum', 'Yolanda McDermott', '8cf8ef8c-8683-40be-b7ea-715ccd4089ba', 2024, 19, 20, 'https://picsum.photos/200/300', 16),
	(271, 'minima caritas omnis', 'Mr. Joshua Emard', '7419856a-8834-4a0e-8393-d28559c73b91', 2024, 5, 9, 'https://picsum.photos/200/300', 17),
	(272, 'vulnero confugo deprecator', 'Judy Rogahn', 'a12fd0b9-ce6e-4f68-83ee-50c043c311ce', 2024, 9, 9, 'https://picsum.photos/200/300', 11),
	(273, 'vitae natus sollers', 'Mr. Josh Robel I', '9a013461-da7e-4ef3-9cd8-9338d8884b5b', 2024, 3, 16, 'https://picsum.photos/200/300', 20),
	(274, 'atrocitas tam verto', 'Oscar Hartmann', '8065c1c8-e749-4c4a-b83f-4709a6a4b285', 2024, 2, 7, 'https://picsum.photos/200/300', 16),
	(275, 'vilis laborum carbo', 'Jenna Runolfsson', '64389483-5b22-44e8-8081-020ce33bf1e9', 2024, 3, 17, 'https://picsum.photos/200/300', 11),
	(276, 'aperiam cuius stipes', 'Jill Jerde-King', 'f144ba7d-8462-474a-9acb-2fae4ffa7167', 2023, 3, 8, 'https://picsum.photos/200/300', 19),
	(277, 'et verto tibi', 'Elias Hodkiewicz', 'ea6d9b27-2677-44c7-a363-73bf60029513', 2024, 11, 13, 'https://picsum.photos/200/300', 3),
	(278, 'animadverto caveo commodo', 'Lindsey Abshire', 'ac5abc96-f825-4058-af32-ba5d594171e3', 2024, 15, 18, 'https://picsum.photos/200/300', 9),
	(279, 'dolorum ab aegre', 'Ms. Opal Bahringer', '03b61b03-aa3e-4fc8-8062-f2876d96ec52', 2023, 11, 19, 'https://picsum.photos/200/300', 18),
	(280, 'tergiversatio adduco veniam', 'Nettie Hauck', 'cc498f53-eaa2-4fc7-a3d1-8ce85f46dce5', 2024, 1, 8, 'https://picsum.photos/200/300', 4),
	(281, 'dolore labore tempore', 'Marguerite Lynch', '5cbf701a-a6a7-458c-8765-6730db65e60b', 2024, 4, 12, 'https://picsum.photos/200/300', 6),
	(282, 'varietas surgo curvo', 'Toby Kihn-Leannon', 'a32f9228-d399-4103-b7f0-9c1a970ef992', 2024, 3, 14, 'https://picsum.photos/200/300', 1),
	(283, 'color numquam ratione', 'Jeremiah Robel', 'eb9e751c-0de9-43c0-8f17-a4b9c697d9fb', 2023, 5, 15, 'https://picsum.photos/200/300', 17),
	(284, 'demulceo vesper umquam', 'Wilbert Spinka-Kilback', 'b66f8c64-4ab9-4a5a-8b69-a67a931710b3', 2023, 6, 14, 'https://picsum.photos/200/300', 3),
	(285, 'comes adipisci dignissimos', 'Patty Powlowski', 'f4a39d3d-8b3b-4570-a208-a3cce7afa09d', 2024, 6, 18, 'https://picsum.photos/200/300', 11),
	(286, 'caritas blanditiis quo', 'Max Nader', 'fd8830d4-c78a-42a7-8e33-b6ce95d8986f', 2024, 9, 9, 'https://picsum.photos/200/300', 13),
	(287, 'clamo usus collum', 'Johanna Sipes', 'ea56351f-9eea-4888-bada-2ff1023c5c97', 2024, 8, 11, 'https://picsum.photos/200/300', 6),
	(288, 'arma quos trucido', 'Dr. Moses O\'Hara', 'fcfe9f8b-3d56-447e-b1ba-bc6142865718', 2023, 6, 10, 'https://picsum.photos/200/300', 19),
	(289, 'conduco veritas eveniet', 'Danny Metz', '63fe3236-fdb7-4392-8c56-75689bf6c478', 2023, 5, 8, 'https://picsum.photos/200/300', 20),
	(290, 'contra sustineo cursus', 'Robin Williamson', 'cb6491f4-b432-4501-b98f-f4cabfee2e7c', 2023, 2, 5, 'https://picsum.photos/200/300', 17),
	(291, 'praesentium delibero quas', 'Wilson Lebsack Jr.', 'b32fe06d-f968-4299-81b5-4efcb503d9ed', 2023, 1, 15, 'https://picsum.photos/200/300', 2),
	(292, 'derideo alveus tenax', 'Sara Pouros', '4724fa50-4090-4540-a50f-b52fe241a444', 2024, 5, 12, 'https://picsum.photos/200/300', 8),
	(293, 'desolo pecco vulgus', 'Patty Crooks', '83101c56-81ca-4557-a753-58a61f10dd43', 2024, 1, 5, 'https://picsum.photos/200/300', 16),
	(294, 'ceno corrupti viduo', 'George Balistreri', 'fc53f47a-7875-43f1-b23a-d1da3effb3f9', 2024, 6, 10, 'https://picsum.photos/200/300', 14),
	(295, 'advoco angustus illum', 'Marion Casper-Zboncak II', '10b9bfab-a5fe-43e1-a5a6-987cdc66905e', 2024, 6, 13, 'https://picsum.photos/200/300', 8),
	(296, 'dicta nesciunt nesciunt', 'Rodolfo Murphy V', '98c22f1b-ec6a-4c63-83e1-6207363c6072', 2023, 17, 19, 'https://picsum.photos/200/300', 3),
	(297, 'angelus stultus communis', 'Joshua Sporer Jr.', '71a9d8eb-fef0-4b14-9f4a-b313c97231c0', 2024, 4, 13, 'https://picsum.photos/200/300', 6),
	(298, 'attollo ubi aduro', 'Beth Hermiston', '69500584-9daf-4a1a-8afa-e8da972fcf69', 2024, 2, 5, 'https://picsum.photos/200/300', 1),
	(299, 'apud anser una', 'Patty Sporer Jr.', '04decc49-751c-45eb-8ebc-c9bdb55f3956', 2024, 10, 11, 'https://picsum.photos/200/300', 14),
	(300, 'tendo pax sublime', 'Lillian Nikolaus', '0a342762-260b-4795-9cc6-8c33f72712de', 2024, 5, 18, 'https://picsum.photos/200/300', 14),
	(301, 'adsum dolorem deporto', 'Myron Jenkins', '4bd6f2c1-c3f8-4384-be66-d7a6e7397b72', 2023, 8, 9, 'https://picsum.photos/200/300', 13),
	(302, 'ustilo adhaero urbs', 'Roland Emard', '64afb106-0a8d-4190-958e-18261725e0f3', 2023, 8, 12, 'https://picsum.photos/200/300', 2),
	(303, 'demitto verbum canto', 'Lee Dibbert', 'a7af7c39-5aec-4651-8c80-75ba245820a2', 2023, 1, 7, 'https://picsum.photos/200/300', 11),
	(304, 'defetiscor adfero vilicus', 'Dr. Marion Doyle', 'c626edae-a349-4308-9449-a9c1c846bfaa', 2024, 5, 11, 'https://picsum.photos/200/300', 19),
	(305, 'desparatus tutis cur', 'Janie Zboncak', '0625bf24-5188-454a-923d-930424f16128', 2024, 16, 18, 'https://picsum.photos/200/300', 16),
	(306, 'turba summopere optio', 'Virginia Rolfson', 'da23e069-a4ee-4cd5-900b-57140bda2869', 2024, 9, 12, 'https://picsum.photos/200/300', 2),
	(307, 'terebro pecco tener', 'Dr. Ora Keeling MD', '71a1fefc-e593-4bc5-8eb6-47e333073735', 2023, 4, 11, 'https://picsum.photos/200/300', 4),
	(308, 'degero adhaero colligo', 'Angelo Metz', '849366ce-7937-42bd-9ec7-db26a43e2dca', 2024, 7, 17, 'https://picsum.photos/200/300', 19),
	(309, 'utrum arma vomica', 'Shelley Cassin', '07fa075b-9aa5-4168-a447-57983e0e970f', 2023, 7, 13, 'https://picsum.photos/200/300', 12),
	(310, 'aurum valens depraedor', 'Edward Von', '55c54ca4-c01b-40b4-a547-c9a4a30fb48e', 2024, 8, 19, 'https://picsum.photos/200/300', 10),
	(311, 'crustulum debeo tergum', 'Dr. Stacey Bashirian', 'caaec58f-9cdb-4b9f-95fd-9130a2f993dd', 2024, 9, 15, 'https://picsum.photos/200/300', 8),
	(312, 'taceo coniuratio facere', 'Wade Cremin III', '03ccb623-bd3b-4245-8337-eb8bd5af3bb5', 2023, 4, 7, 'https://picsum.photos/200/300', 14),
	(313, 'aspernatur defluo veritatis', 'Harvey Schiller', '5d08e08d-50b3-418b-822c-32c958f6eb52', 2023, 5, 17, 'https://picsum.photos/200/300', 17),
	(314, 'voluptas voluptatem supplanto', 'Juan Lueilwitz-Hackett', 'db0c5217-086f-48fd-bc08-26c6017ab6c7', 2024, 9, 14, 'https://picsum.photos/200/300', 11),
	(315, 'pecus triumphus quae', 'Neil Reilly-Hane', '6d48d00a-5bb4-4346-af59-fde823f5199a', 2024, 15, 17, 'https://picsum.photos/200/300', 7),
	(316, 'cetera accendo territo', 'Cameron Langworth', 'be6bfad4-2fbb-4ba1-8d50-ab9e3b985563', 2023, 5, 9, 'https://picsum.photos/200/300', 4),
	(317, 'peccatus utique consequatur', 'Lewis Okuneva', '0f6e49d8-0d94-483f-a0b2-312a4ad3b5ea', 2023, 4, 10, 'https://picsum.photos/200/300', 3),
	(318, 'conspergo infit censura', 'Ron Ratke', 'b075b65d-1851-4597-b95e-23999d15368a', 2023, 2, 13, 'https://picsum.photos/200/300', 17),
	(319, 'benigne depromo officiis', 'Louise Hermiston', 'd4b63f5e-32b3-49f2-a693-65ca6860c413', 2024, 6, 18, 'https://picsum.photos/200/300', 10),
	(320, 'damnatio tenetur coniuratio', 'Reginald Stroman', 'f869519f-e327-43c7-a0ec-92529cd35e90', 2024, 12, 17, 'https://picsum.photos/200/300', 14),
	(321, 'coniuratio patria audentia', 'Israel Torphy I', '7de77fa2-0ccc-49a3-ac5e-d801a357fe71', 2023, 1, 7, 'https://picsum.photos/200/300', 4),
	(322, 'valens cohors spiculum', 'Albert Stamm', '2ccfaee1-be8c-42c3-88a3-9c7c791c8f06', 2023, 18, 20, 'https://picsum.photos/200/300', 11),
	(323, 'venio coaegresco soleo', 'Elmer Howe', '10db100c-c483-47dd-aa26-2f9cc93ba474', 2024, 5, 17, 'https://picsum.photos/200/300', 18),
	(324, 'cumque abeo pectus', 'Christina Legros', '7ca4cfe5-5812-4c5f-b42c-66a253a64c61', 2023, 8, 12, 'https://picsum.photos/200/300', 18),
	(325, 'sophismata tametsi suppellex', 'Irving Gislason MD', '1fa31bdf-a222-4abb-a088-d75fa11633d9', 2023, 7, 9, 'https://picsum.photos/200/300', 9),
	(326, 'synagoga adsum sono', 'Mabel Toy', '42f85d74-3129-4b6e-9aff-76e97a0bfd56', 2024, 13, 13, 'https://picsum.photos/200/300', 15),
	(327, 'adflicto conatus clementia', 'Christie Kutch', '690d7845-3443-487a-bbac-2edb83ccdfcf', 2024, 3, 8, 'https://picsum.photos/200/300', 7),
	(328, 'comburo defendo amplus', 'Joyce Ratke Sr.', '6b057448-2e96-41a4-b971-08434b86953b', 2024, 7, 10, 'https://picsum.photos/200/300', 16),
	(329, 'usitas adhaero ater', 'Maureen Hodkiewicz', 'cba1cf1e-543d-4714-bfac-34d909e88880', 2024, 9, 10, 'https://picsum.photos/200/300', 5),
	(330, 'velum vomer clibanus', 'Joseph Leannon', '5aea481e-05a0-4f39-95a9-f3530e3f619b', 2024, 8, 9, 'https://picsum.photos/200/300', 6),
	(331, 'vere constans dedecor', 'Mark Lueilwitz', '607b8af4-deba-4917-a382-ae38361338f3', 2024, 5, 8, 'https://picsum.photos/200/300', 5),
	(332, 'xiphias asporto nisi', 'Rodolfo Reinger', '94d005c0-b867-4cb6-a069-fc3ed735b5cb', 2024, 4, 14, 'https://picsum.photos/200/300', 2),
	(333, 'uterque ait conscendo', 'Charlie Lesch II', '3b703c06-e252-440e-bbb6-78113c2f038f', 2023, 17, 19, 'https://picsum.photos/200/300', 10),
	(334, 'socius valde socius', 'Loren Medhurst', 'c6745a6d-d001-46c3-9d45-b4cf8d7954b6', 2024, 3, 7, 'https://picsum.photos/200/300', 2),
	(335, 'nihil carmen chirographum', 'Justin Greenfelder', 'ee41c84c-643d-431f-bfec-fcccfa7aa6f1', 2023, 13, 18, 'https://picsum.photos/200/300', 18),
	(336, 'sint terra corona', 'Gregory Mueller', '4c0db447-12b3-44ee-8875-e20aef3fd15a', 2023, 1, 12, 'https://picsum.photos/200/300', 2),
	(337, 'quaerat crustulum traho', 'Preston Mitchell', 'd1059bf0-80be-4f1b-a329-49337d874e2e', 2024, 3, 6, 'https://picsum.photos/200/300', 13),
	(338, 'aestas sub quas', 'Calvin Hudson', 'be5bb727-752f-4ba8-85e5-028238f40aa3', 2023, 10, 16, 'https://picsum.photos/200/300', 15),
	(339, 'vesper patrocinor agnitio', 'Gwendolyn Abbott', 'a5ade65b-1d86-4603-8c67-a63cf4838783', 2023, 6, 10, 'https://picsum.photos/200/300', 17),
	(340, 'labore templum studio', 'Lorena Beatty', '37d96437-4ce0-4b6c-b25d-e02abe16294a', 2024, 10, 18, 'https://picsum.photos/200/300', 19),
	(341, 'abscido vulticulus vir', 'Kerry Thompson III', '103a5a5e-c367-4a36-bb6b-7c85b2518a0d', 2024, 12, 16, 'https://picsum.photos/200/300', 19),
	(342, 'voveo ipsam triumphus', 'Clifton Spinka', '9645105d-5e4b-4d67-8c06-26d0445e45e0', 2023, 12, 18, 'https://picsum.photos/200/300', 17),
	(343, 'caterva autus curiositas', 'Andrea Ziemann', '8856f171-d5e8-4ad9-8921-e04f6cca8a43', 2023, 2, 7, 'https://picsum.photos/200/300', 20),
	(344, 'pecco demens error', 'Mr. Dale Brekke', '4ab22080-03fd-4cfd-8d41-9b8a32b2b8e0', 2024, 7, 12, 'https://picsum.photos/200/300', 17),
	(345, 'conduco decet absconditus', 'Mr. Wilfred Purdy', '5fdf1654-4c2a-446f-ad7b-c55172081d49', 2024, 10, 18, 'https://picsum.photos/200/300', 20),
	(346, 'testimonium aeternus defetiscor', 'Dr. Forrest Hegmann', '8f1136de-d36e-4a76-949b-71d86d54d3b3', 2023, 12, 17, 'https://picsum.photos/200/300', 1),
	(347, 'tactus sulum clam', 'Dr. Fernando Hyatt', '53e4dd5d-9ce0-4764-a6a7-9208abaea195', 2023, 12, 17, 'https://picsum.photos/200/300', 10),
	(348, 'appello arbitro rerum', 'Mr. Edward Bosco', 'f9464f64-5dc4-4bff-9ea0-84b4911dd755', 2024, 14, 16, 'https://picsum.photos/200/300', 14),
	(349, 'sortitus aro denuncio', 'Gwendolyn Parker', '9958bcfa-ce55-45d5-82b9-484adc1b1547', 2024, 6, 17, 'https://picsum.photos/200/300', 8),
	(350, 'alius aegre ventosus', 'Rene VonRueden', 'b1cf3945-ff7c-49a5-8c2c-cfcade3703be', 2023, 3, 18, 'https://picsum.photos/200/300', 2),
	(351, 'adfero crur temporibus', 'Jennie Roob', 'f71834ee-3d5e-46ee-afdb-d561d6448593', 2024, 4, 19, 'https://picsum.photos/200/300', 8),
	(352, 'despecto terra copiose', 'Miriam Walter', '73a9e609-010a-4a9d-bdc7-78ad7b3b6f15', 2023, 10, 14, 'https://picsum.photos/200/300', 10),
	(353, 'adnuo venustas vulticulus', 'Bradley Sawayn-Schowalter', '510a18cf-3d1b-4a8c-aa47-c72f300a3bcd', 2024, 5, 8, 'https://picsum.photos/200/300', 2),
	(354, 'rem cogito solium', 'Virginia Smitham-Cummerata', '87eb4d61-97b8-4588-9d6c-73a8780569fd', 2024, 4, 7, 'https://picsum.photos/200/300', 4),
	(355, 'timidus speciosus arma', 'Andy Reynolds DVM', '45531b97-a835-4e55-b8c1-5f152e204092', 2023, 2, 18, 'https://picsum.photos/200/300', 10),
	(356, 'tamdiu ciminatio vitae', 'Ms. Tami Turcotte', '96108895-b0ef-416c-aed3-03a2ebaadc24', 2023, 9, 13, 'https://picsum.photos/200/300', 5),
	(357, 'beneficium cervus suffoco', 'Raul Torphy', 'bbe13138-512d-40ca-86f9-2d0d5c0ca910', 2024, 4, 9, 'https://picsum.photos/200/300', 20),
	(358, 'constans cavus subnecto', 'Victoria Boehm', 'f53567ed-0a14-4701-a90a-be852b0b6b4c', 2024, 15, 20, 'https://picsum.photos/200/300', 4),
	(359, 'utrum tardus cohaero', 'Gerald Hickle', 'c93e1ecc-a148-4afa-8476-1d93046e96a0', 2024, 14, 15, 'https://picsum.photos/200/300', 16),
	(360, 'constans creptio aliquam', 'Mrs. Maureen Schowalter', '6cffbfc8-1f81-423a-8ee0-4196793bdf27', 2024, 6, 11, 'https://picsum.photos/200/300', 18),
	(361, 'comedo ater tamisium', 'Rhonda Bahringer', 'faf43233-0ff9-4a6c-93f2-76a271340fe1', 2024, 3, 5, 'https://picsum.photos/200/300', 20),
	(362, 'supellex dolores vel', 'Marguerite Orn IV', '8f997288-e9fb-44ec-9c5e-c2c5b89cdd6f', 2024, 5, 15, 'https://picsum.photos/200/300', 2),
	(363, 'molestiae deduco vulnus', 'Rita Greenholt III', '0a593064-6d92-4815-919a-f5e98ea78106', 2023, 5, 5, 'https://picsum.photos/200/300', 6),
	(364, 'suscipit amaritudo officiis', 'Maxine Walter', '939e30db-aed9-477f-ac0c-3bd764e95b4d', 2023, 4, 7, 'https://picsum.photos/200/300', 15),
	(365, 'animus beatus audentia', 'Laura Runte', '6cfb033f-ce9c-4222-ad20-7143a7f27837', 2024, 7, 9, 'https://picsum.photos/200/300', 2),
	(366, 'adsidue terminatio quos', 'Miss Rhonda O\'Keefe', '97500d04-9637-414b-8225-4e2280a8cffc', 2024, 15, 18, 'https://picsum.photos/200/300', 1),
	(367, 'esse a atqui', 'Virginia Bechtelar', '2bf69597-3c3f-4bc3-89ec-97a429b9082e', 2023, 7, 7, 'https://picsum.photos/200/300', 5),
	(368, 'sequi comparo velit', 'Darren Hegmann DVM', '6699f908-330b-4e64-b8a8-ec519dd4fd43', 2024, 9, 9, 'https://picsum.photos/200/300', 13),
	(369, 'error clam sui', 'Gail Quigley', 'e11fdd2e-1970-4de2-9797-550cc0785ae4', 2023, 2, 6, 'https://picsum.photos/200/300', 20),
	(370, 'depopulo terra tactus', 'Adam Ernser', '18c2b646-0952-4b90-aa67-bf7ef50548ce', 2023, 12, 19, 'https://picsum.photos/200/300', 19),
	(371, 'valetudo supellex aspernatur', 'Felipe Stiedemann', '7869b232-1de0-4f80-b552-dc6e834d71d9', 2023, 10, 16, 'https://picsum.photos/200/300', 13),
	(372, 'tenuis benigne templum', 'Mr. Tracy Willms', '6b8d219e-8e9d-4912-81e4-1c244c5a0e59', 2023, 18, 19, 'https://picsum.photos/200/300', 9),
	(373, 'beatae acsi causa', 'Dominick Turcotte', '4e662cb9-c2d7-42b5-a16e-65e118234ce3', 2024, 5, 8, 'https://picsum.photos/200/300', 17),
	(374, 'desipio utrimque decens', 'Joshua Gislason', '450d1a4b-4584-4778-b190-02669d0e39a1', 2024, 16, 19, 'https://picsum.photos/200/300', 1),
	(375, 'libero tyrannus curriculum', 'Isabel Hand', '33d9c180-f3eb-485e-b358-72ef7f46fc50', 2023, 5, 6, 'https://picsum.photos/200/300', 9),
	(376, 'abduco appositus harum', 'Kara Breitenberg', 'b56d4edb-26b9-43f4-9551-76b6be2c58ec', 2024, 1, 7, 'https://picsum.photos/200/300', 5),
	(377, 'claustrum varietas minima', 'Ollie Schuppe', '3555e3ac-a0d4-4188-8cfb-43c78776b847', 2023, 6, 18, 'https://picsum.photos/200/300', 9),
	(378, 'similique canonicus sustineo', 'Eduardo MacGyver', '7e666bc0-fd00-4ebc-8fb1-05537a68a8bd', 2023, 9, 19, 'https://picsum.photos/200/300', 11),
	(379, 'corrumpo attonbitus curia', 'Margie Botsford-Walsh', 'da2661a1-a720-4e52-a8d5-f7cdd0a0c304', 2024, 8, 11, 'https://picsum.photos/200/300', 13),
	(380, 'dedecor omnis caute', 'Sara Renner', '184fe4e4-3fe2-4a7a-88e1-08d67708dc64', 2024, 8, 20, 'https://picsum.photos/200/300', 13),
	(381, 'temeritas auditor absorbeo', 'Lillie Botsford-Kemmer', '6f7aab50-0706-4900-8417-5c7be360f5b1', 2024, 1, 12, 'https://picsum.photos/200/300', 20),
	(382, 'iste ultio bardus', 'Melvin Breitenberg', '79c3c058-1294-43a9-aedd-0cff0c5d62a0', 2024, 1, 18, 'https://picsum.photos/200/300', 14),
	(383, 'cimentarius minima defessus', 'Stuart Haag', 'c121c3a5-1948-4b98-8e5d-0e0acffb0679', 2023, 5, 8, 'https://picsum.photos/200/300', 6),
	(384, 'aspernatur demum repellendus', 'Pat Schiller', '869e313f-8c53-4ec5-89ae-514ad62a645a', 2024, 13, 13, 'https://picsum.photos/200/300', 9),
	(385, 'at depromo confugo', 'Daisy Miller', '16678b0d-5ecc-4d2c-a124-cd67b2399f01', 2023, 17, 20, 'https://picsum.photos/200/300', 16),
	(386, 'dedecor uredo calculus', 'Marion West', '39514fa7-1b5c-4ba8-aba7-7173dccf2c2a', 2024, 9, 12, 'https://picsum.photos/200/300', 2),
	(387, 'vitae apud amplexus', 'Annette Grady', '123ce84d-14e9-439d-90b9-e041b1e25c66', 2024, 2, 11, 'https://picsum.photos/200/300', 3),
	(388, 'demum benigne catena', 'Abraham Harber-Lakin', '8ce733d8-d08d-44fe-aace-6488a15d6447', 2023, 11, 14, 'https://picsum.photos/200/300', 20),
	(389, 'cimentarius consectetur in', 'Mr. Conrad Feeney', '4621de8c-2a93-44ed-866a-27fae47a8753', 2024, 7, 11, 'https://picsum.photos/200/300', 6),
	(390, 'absque adfero facilis', 'Philip Padberg', 'b7c59fa8-0840-4f08-a5b2-4838e13332d2', 2023, 6, 7, 'https://picsum.photos/200/300', 1),
	(391, 'deprecator traho tabula', 'Alice Leffler', '66e5d336-ffeb-435c-b70b-d1ae357eeada', 2024, 1, 15, 'https://picsum.photos/200/300', 5),
	(392, 'bis apud brevis', 'Ethel Yost', 'ba1a8a35-1176-41a7-814b-a6cc02bfdede', 2024, 9, 16, 'https://picsum.photos/200/300', 18),
	(393, 'sophismata carbo perspiciatis', 'Joanne Thiel', '691d06a2-2e9c-4746-8f25-0acb091741aa', 2023, 4, 6, 'https://picsum.photos/200/300', 12),
	(394, 'deinde optio vulgivagus', 'Ed Boyer', '613701a6-733a-4359-8fc5-914872161e2a', 2024, 3, 12, 'https://picsum.photos/200/300', 11),
	(395, 'illo comedo vicinus', 'Jake Predovic', '7cba2070-bf8c-470f-90d8-a07a8fabf8b8', 2024, 9, 13, 'https://picsum.photos/200/300', 19),
	(396, 'argumentum nostrum tollo', 'Pat Farrell', 'db2ad03e-9e54-4b18-b4bd-7266fb1315e0', 2023, 9, 16, 'https://picsum.photos/200/300', 15),
	(397, 'beatae modi crudelis', 'Roland Robel', 'f1fd881b-2be2-4363-ac87-65b4fc71ffdb', 2024, 7, 7, 'https://picsum.photos/200/300', 16),
	(398, 'cenaculum maxime auxilium', 'Julius Zulauf', '3ae40710-87b5-4aef-be3d-4c77e4bca9b5', 2023, 12, 17, 'https://picsum.photos/200/300', 19),
	(399, 'cerno cena coma', 'Pauline Kuvalis', '77fa4d66-2985-4864-b7e3-c64bdb54309a', 2023, 7, 16, 'https://picsum.photos/200/300', 15),
	(400, 'toties solio templum', 'Mrs. Emma Fritsch', '37864eb9-9ba7-42fd-b092-abbf9c6312dd', 2023, 10, 16, 'https://picsum.photos/200/300', 19),
	(401, 'amo ultra cursim', 'Tabitha Lueilwitz', '6d9ab01e-0cd7-4917-8463-aff0982a37a0', 2024, 11, 20, 'https://picsum.photos/200/300', 1),
	(402, 'tenax conicio administratio', 'Salvador Effertz', '7a4d1715-4cd7-4eea-8042-d968045a9d38', 2023, 3, 7, 'https://picsum.photos/200/300', 2),
	(403, 'aequitas caries crebro', 'George Howe', 'a94325ee-de9f-45a3-ad5a-12f3b37023d7', 2023, 2, 6, 'https://picsum.photos/200/300', 13),
	(404, 'perferendis versus trepide', 'Kay Koch IV', '4390fba7-bd63-41ad-b1fd-b5bfd101990c', 2024, 2, 7, 'https://picsum.photos/200/300', 10),
	(405, 'capio decerno cura', 'Percy Hartmann', 'c51c49ea-61ce-416b-bc41-ee92e070f7d6', 2024, 3, 7, 'https://picsum.photos/200/300', 6),
	(406, 'cum despecto dens', 'Ruben Lebsack', '12427612-7444-43c4-b410-53d4730ccfce', 2024, 8, 8, 'https://picsum.photos/200/300', 20),
	(407, 'substantia vel labore', 'Bob Ondricka-Weimann', 'dc27cf0b-18e4-4efb-915d-10c68f80446b', 2024, 4, 17, 'https://picsum.photos/200/300', 11),
	(408, 'autus derelinquo paulatim', 'Pete Flatley', '944c2210-1f2c-4fc2-859c-bd243bb6d3d9', 2023, 11, 15, 'https://picsum.photos/200/300', 14),
	(409, 'abundans viridis avarus', 'Matthew Hickle', 'e0d9b0cd-89d7-458e-ac6e-a3a0d76467a1', 2023, 13, 14, 'https://picsum.photos/200/300', 2),
	(410, 'aqua delectatio sordeo', 'Tabitha Aufderhar', '077d177a-c961-4a2f-b764-b5f90a33208b', 2024, 9, 12, 'https://picsum.photos/200/300', 3),
	(411, 'aggero vae sto', 'Mrs. Lee Mitchell', '1cbfb99f-d62d-4ed2-b5bd-847fe406e73c', 2024, 6, 8, 'https://picsum.photos/200/300', 17),
	(412, 'cupiditate videlicet voluptas', 'Dr. Brett Welch V', 'e8d958dc-5b76-41c0-a99a-bd58d8541775', 2024, 8, 12, 'https://picsum.photos/200/300', 7),
	(413, 'amitto venustas acies', 'Shari Paucek', '21d78afd-cbe2-4973-9c99-84391b244bb2', 2024, 4, 10, 'https://picsum.photos/200/300', 1),
	(414, 'civitas anser ocer', 'Rogelio Bergstrom', '71d81fe1-dcfc-4310-9938-24edbc40d7eb', 2024, 11, 12, 'https://picsum.photos/200/300', 14),
	(415, 'delectus solvo ultra', 'Mrs. Dana Green MD', 'e7aa7fa8-d3ea-47ce-8561-88fedeae6392', 2024, 5, 12, 'https://picsum.photos/200/300', 6),
	(416, 'demum rem nemo', 'Ryan Dickens', 'a9d57718-c039-45b2-b827-547460df312e', 2023, 5, 8, 'https://picsum.photos/200/300', 6),
	(417, 'desparatus armarium terga', 'Russell Rippin', 'e4b4245b-01cc-45b6-9881-fdd9c7e4751a', 2024, 1, 15, 'https://picsum.photos/200/300', 1),
	(418, 'claro tantum apud', 'Lisa MacGyver', '198de2cf-e30e-45e2-8f05-4c3c062790d7', 2023, 7, 10, 'https://picsum.photos/200/300', 19),
	(419, 'canis adflicto subiungo', 'Jeffrey Emard', '4c40ef4b-cf39-4dee-b3a3-33bfbc501572', 2023, 5, 14, 'https://picsum.photos/200/300', 9),
	(420, 'cribro condico confugo', 'Boyd Jakubowski', '5ebe8c39-401a-4475-a6aa-f27adfa25cdf', 2024, 1, 14, 'https://picsum.photos/200/300', 13),
	(421, 'thesis ipsum deprecator', 'Allan Marquardt-Volkman', '89bb026c-43a5-4a95-8f38-1007defad502', 2024, 7, 7, 'https://picsum.photos/200/300', 6),
	(422, 'vicissitudo deserunt tyrannus', 'Teresa Bogisich', 'e16f2795-b110-48e5-9c89-6cebdf1bb81c', 2023, 2, 8, 'https://picsum.photos/200/300', 13),
	(423, 'tenetur arto charisma', 'Daniel Bruen', '2bc8e4e3-1908-4e8c-b6c6-d3fc194125d5', 2023, 6, 14, 'https://picsum.photos/200/300', 16),
	(424, 'via clamo convoco', 'Ernesto Hagenes', 'a61633f0-4ff6-4ef9-86b9-4b2cf12b39c0', 2023, 11, 11, 'https://picsum.photos/200/300', 12),
	(425, 'vindico cernuus conscendo', 'Mr. Salvatore Beier', '1f1f1f83-ece7-447b-bb99-1138845f87b6', 2024, 8, 20, 'https://picsum.photos/200/300', 20),
	(426, 'sub timor uxor', 'Tricia Bartell', '8b2556a7-da5e-445c-9942-e65b019bf425', 2024, 2, 5, 'https://picsum.photos/200/300', 10),
	(427, 'curo cohaero saepe', 'Mrs. Dianna Huels', '8b3eaf0d-9d44-40bb-b7e1-89236f1a3fcd', 2024, 11, 16, 'https://picsum.photos/200/300', 5),
	(428, 'traho crustulum usus', 'Mrs. Latoya Rohan', '91054561-3495-4c8b-b374-dca1e9fbc76d', 2024, 7, 20, 'https://picsum.photos/200/300', 15),
	(429, 'civitas arx adeo', 'Drew Will DDS', '883720b3-8adb-4e60-b21c-be3e3bc23958', 2024, 17, 17, 'https://picsum.photos/200/300', 19),
	(430, 'solvo curto argentum', 'Willis Tremblay', '817a95a2-511f-4b2a-95ee-7692318c641c', 2024, 3, 10, 'https://picsum.photos/200/300', 5),
	(431, 'eos tempora absorbeo', 'Guy Kihn', '4d15e56a-2fa7-484c-9f5a-a536c66672b8', 2024, 7, 15, 'https://picsum.photos/200/300', 5),
	(432, 'compono spoliatio anser', 'Gordon Paucek', '48e2b84b-154c-45b8-9921-93014b903d74', 2024, 3, 6, 'https://picsum.photos/200/300', 19),
	(433, 'cotidie pauci antepono', 'Ricky Pagac', '108e5e2f-5bc5-456c-92e8-fa8883366949', 2024, 2, 14, 'https://picsum.photos/200/300', 4),
	(434, 'tero iusto tempore', 'Jaime Hilll Sr.', 'b597e4f3-15fc-4ce1-8f26-07a9650c71e7', 2023, 9, 11, 'https://picsum.photos/200/300', 1),
	(435, 'admiratio amoveo sed', 'Ms. Johanna Schmeler', '77c0c9d8-4e20-442b-b7bb-621049b3fd68', 2024, 6, 16, 'https://picsum.photos/200/300', 14),
	(436, 'spes commemoro desparatus', 'Cecelia Brown', '09aceb65-9a62-4694-9bf9-8bee1b5bf5c3', 2023, 10, 15, 'https://picsum.photos/200/300', 12),
	(437, 'volutabrum delibero appositus', 'Julia Jones', '401d4d92-13a8-420e-9cf1-124b70b5bc85', 2024, 3, 10, 'https://picsum.photos/200/300', 16),
	(438, 'aedificium arbor terga', 'Teresa Kemmer', 'f3ba8787-411a-4be8-b2ca-fe284490cc8b', 2023, 3, 7, 'https://picsum.photos/200/300', 12),
	(439, 'vesica votum video', 'Walter Lowe', '4991c7b1-c20b-4a84-b979-de6bd817b015', 2023, 3, 9, 'https://picsum.photos/200/300', 10),
	(440, 'tibi sit beatus', 'Rosie Herman', '78bdbd96-8008-4be0-89a4-1fbd19a33fa5', 2024, 3, 6, 'https://picsum.photos/200/300', 11),
	(441, 'capto tonsor videlicet', 'Fannie McClure', '7ae14af0-cd48-44d4-8b8a-5e89eb2f07f8', 2023, 12, 14, 'https://picsum.photos/200/300', 2),
	(442, 'repudiandae vitium ex', 'Jaime Jakubowski', 'a34cc9f1-7601-4f63-8158-82d92ca6ed40', 2024, 5, 20, 'https://picsum.photos/200/300', 2),
	(443, 'cumque maxime curis', 'Hugh Schinner', '8ca702c0-f8a4-47b7-a2d5-7f9d7e60afcd', 2024, 6, 8, 'https://picsum.photos/200/300', 3),
	(444, 'vitae eveniet amaritudo', 'Jesus Streich', 'f4572413-0b0f-4b91-ab1d-ff1654c0c480', 2024, 1, 5, 'https://picsum.photos/200/300', 1),
	(445, 'clibanus turbo culpa', 'Louis West', '6b5a5bdc-a9b6-48fd-b9e2-a6132419847c', 2024, 4, 6, 'https://picsum.photos/200/300', 11),
	(446, 'aranea bardus succurro', 'Harold Ebert', 'aa1b9f36-7962-4be6-a864-dd1e2d10bdde', 2024, 18, 19, 'https://picsum.photos/200/300', 20),
	(447, 'vivo conicio vir', 'Jose Leffler', 'd2873d6e-4460-4425-8dcc-4e32afee7803', 2023, 5, 12, 'https://picsum.photos/200/300', 18),
	(448, 'fugit deleniti nesciunt', 'Mr. Cecil Feeney', '4efc6561-e759-4d9d-bed1-553bc6807b64', 2024, 9, 17, 'https://picsum.photos/200/300', 9),
	(449, 'adopto dolore vitium', 'Iris Cronin', '6b35f483-6299-45df-bf66-fe4d54b9fc6d', 2024, 15, 17, 'https://picsum.photos/200/300', 7),
	(450, 'derelinquo cattus degero', 'Mr. Leland Nitzsche', '42a8bac8-1651-4735-aba8-0cb81c0ad3c7', 2024, 9, 18, 'https://picsum.photos/200/300', 12),
	(451, 'amitto certus somniculosus', 'Tara McDermott', '78db925b-be4c-4d36-a133-aa2a49669f21', 2023, 1, 6, 'https://picsum.photos/200/300', 8),
	(452, 'vae tabesco nemo', 'Ann Gibson', '9ffb2fc4-49da-49dd-9552-23582da9c6a1', 2024, 2, 11, 'https://picsum.photos/200/300', 3),
	(453, 'vado magni substantia', 'Belinda Torphy', '7915d191-60fe-4bb8-8c99-962c5ec8e794', 2023, 7, 7, 'https://picsum.photos/200/300', 7),
	(454, 'cognomen provident delicate', 'June McGlynn', 'f1d928a5-b212-4482-bb7f-55b25c12d343', 2024, 8, 11, 'https://picsum.photos/200/300', 12),
	(455, 'vinitor aqua altus', 'Travis Windler', 'ad97cfc8-3c69-4680-a87c-d989e4714387', 2023, 2, 8, 'https://picsum.photos/200/300', 18),
	(456, 'aggero varius summopere', 'Ellis Durgan', '03255573-a19f-48f5-9c9d-a20fd3566b47', 2023, 17, 17, 'https://picsum.photos/200/300', 6),
	(457, 'earum deprimo depono', 'Sammy Gusikowski', 'dedaca5e-32dc-4cd2-a00a-ed90c2350198', 2023, 3, 6, 'https://picsum.photos/200/300', 19),
	(458, 'talus uxor aeneus', 'Shannon Bogan', '897a3a63-3de5-494d-b636-093a45b70971', 2024, 9, 11, 'https://picsum.photos/200/300', 13),
	(459, 'undique vomer amor', 'Yvonne Muller', 'b57061e0-f574-48d5-ab2d-cd5dd3a88c86', 2024, 5, 9, 'https://picsum.photos/200/300', 11),
	(460, 'vere sopor campana', 'Ollie Kling', '4a87aa56-506e-4574-8b72-20083ccc123c', 2023, 13, 15, 'https://picsum.photos/200/300', 18),
	(461, 'demulceo dolorem vulgus', 'John Stehr', '6c399670-de4e-497e-83e5-f76ce77f21a5', 2024, 8, 14, 'https://picsum.photos/200/300', 17),
	(462, 'arto ad doloribus', 'Rose Kihn', 'b78086c9-11eb-4b4f-86b4-3cd559eed86f', 2023, 14, 18, 'https://picsum.photos/200/300', 3),
	(463, 'tergo pectus comes', 'Stacey Hettinger', 'b208edc4-6b74-4cae-ad69-ab89e3cf9d58', 2023, 9, 16, 'https://picsum.photos/200/300', 5),
	(464, 'territo attero volaticus', 'Phyllis Bruen', '52f96fc0-9df6-4a60-8785-946a537dd587', 2023, 1, 6, 'https://picsum.photos/200/300', 9),
	(465, 'tertius aer conventus', 'Paul Corkery', 'd84cf04c-28aa-4d99-8d57-595f1841b489', 2024, 2, 19, 'https://picsum.photos/200/300', 9),
	(466, 'toties curiositas neque', 'Luis Jacobs', '04ee2ae1-36f1-4001-a8f5-5e112b08ab2b', 2023, 9, 13, 'https://picsum.photos/200/300', 19),
	(467, 'aiunt spectaculum caute', 'Bonnie Kiehn', '3b41e783-afb2-4fc8-822a-b066ab7fe5e3', 2023, 2, 16, 'https://picsum.photos/200/300', 6),
	(468, 'dedico vallum curiositas', 'Phil Shields', '31957569-ac36-4cb7-be3c-e3c70ac2ce9c', 2023, 6, 18, 'https://picsum.photos/200/300', 3),
	(469, 'quidem aqua terror', 'Myra Grady-Raynor', 'ad89c902-9e2b-44a0-99a1-84b9ecba13e5', 2024, 7, 7, 'https://picsum.photos/200/300', 9),
	(470, 'ducimus vilicus accusator', 'Jodi Larson', '77d6b4d3-e1eb-4a6c-8b38-9723d5e3df19', 2024, 3, 9, 'https://picsum.photos/200/300', 3),
	(471, 'nemo contra theatrum', 'Pedro Morissette', '5626c674-5c66-4522-92cb-a2392aafb3ef', 2024, 3, 6, 'https://picsum.photos/200/300', 15),
	(472, 'cupiditate ars censura', 'Irvin Stoltenberg', '92768660-cee2-4175-a0b7-da4e582ef465', 2024, 10, 12, 'https://picsum.photos/200/300', 12),
	(473, 'cena delectus aedificium', 'Dr. Harriet Bogisich', '6bbf3895-6258-4088-aa5a-f5d0628a4b9e', 2023, 6, 13, 'https://picsum.photos/200/300', 2),
	(474, 'aro consuasor volo', 'Agnes Sporer', '3cf75c4f-7062-4494-be36-e1afa0719878', 2023, 11, 14, 'https://picsum.photos/200/300', 10),
	(475, 'alveus appositus surculus', 'Jonathon Dach V', '5eb37469-9085-4e9e-9970-92481c0bbf26', 2023, 5, 18, 'https://picsum.photos/200/300', 20),
	(476, 'bellum viscus amo', 'Ryan Price', 'a5009de3-0c3c-4757-9e59-8bef3b44f31f', 2023, 9, 10, 'https://picsum.photos/200/300', 4),
	(477, 'condico velit aperiam', 'Jason Koch', 'c4fe77bb-14bf-4ec0-9b99-f643933a0691', 2024, 2, 8, 'https://picsum.photos/200/300', 19),
	(478, 'color eaque at', 'Luis Vandervort', '997b6bb4-792b-4a36-8131-739665d253c7', 2024, 4, 20, 'https://picsum.photos/200/300', 18),
	(479, 'corona vinco tergo', 'Ron Streich', 'f731c4e1-9995-456b-98f9-7349e543708f', 2024, 7, 9, 'https://picsum.photos/200/300', 6),
	(480, 'accusantium ulterius atrox', 'Hector Ruecker', '723e02a2-ba22-411d-afd7-f55c6bf684f8', 2023, 3, 6, 'https://picsum.photos/200/300', 20),
	(481, 'umquam ipsam cohibeo', 'Bethany Boyer', 'c0244696-873c-41f0-9a5f-31253425229f', 2023, 11, 16, 'https://picsum.photos/200/300', 4),
	(482, 'vindico ipsa vestrum', 'Ms. Cheryl Kunze', '2da36ea1-6c34-40fc-9c1f-ac0cb836d471', 2024, 3, 9, 'https://picsum.photos/200/300', 12),
	(483, 'tolero fuga decerno', 'Amanda Dicki', '574123d6-289d-4a39-9a8b-92bbe66c089a', 2023, 11, 17, 'https://picsum.photos/200/300', 4),
	(484, 'umerus admitto tero', 'Harry Barton', 'b8e35358-2440-45a3-91e6-c8fbce2b588a', 2024, 6, 11, 'https://picsum.photos/200/300', 16),
	(485, 'volubilis vereor cognatus', 'Darrell Hilpert', 'ddf56801-ed8b-45bd-b35f-a24264bc453a', 2023, 5, 8, 'https://picsum.photos/200/300', 20),
	(486, 'doloremque tamdiu vere', 'Walter Lockman', '9be1a00a-4675-45aa-ba88-b994bede66d0', 2024, 4, 5, 'https://picsum.photos/200/300', 7),
	(487, 'terga comedo libero', 'Lynn Weissnat', 'd61edbc7-cc48-4c69-9874-90d9d397ea3b', 2023, 3, 15, 'https://picsum.photos/200/300', 14),
	(488, 'curis damno occaecati', 'Darrell Gorczany', '3c4e1628-59cf-4a92-a202-44250a57c420', 2023, 10, 19, 'https://picsum.photos/200/300', 17),
	(489, 'conservo clamo deinde', 'Madeline Howell V', '63f31d83-4b7d-4f61-a972-e6890dfbcdc1', 2023, 11, 16, 'https://picsum.photos/200/300', 5),
	(490, 'sapiente claro spero', 'Sally Hane', 'cdde0683-3b35-475b-a848-f394ae4e1187', 2023, 10, 10, 'https://picsum.photos/200/300', 1),
	(491, 'curia cado desipio', 'Lee O\'Kon', 'c94a72dd-7368-48fd-915d-bd8940e6dc94', 2024, 4, 8, 'https://picsum.photos/200/300', 10),
	(492, 'balbus ventito velociter', 'Fannie Reynolds', '1fc7f480-c6f8-4501-87c4-c796451a6ded', 2024, 12, 20, 'https://picsum.photos/200/300', 9),
	(493, 'aestas degenero velum', 'Blake Fisher', '75426e6f-cf71-4a7f-a98b-1d09163fd4e9', 2023, 7, 16, 'https://picsum.photos/200/300', 5),
	(494, 'bardus maxime considero', 'Boyd Walsh', '15a129ae-0bbf-4448-b760-b2f31579748c', 2024, 4, 8, 'https://picsum.photos/200/300', 2),
	(495, 'via desipio vado', 'Joel Koepp', '06105246-857b-4a85-af59-a596be443bc8', 2024, 10, 16, 'https://picsum.photos/200/300', 4),
	(496, 'crudelis sumo tego', 'Kevin Legros', '4e1c6144-6727-4b05-80d5-2f0393196d98', 2023, 10, 17, 'https://picsum.photos/200/300', 9),
	(497, 'subseco conculco coniuratio', 'Adam Schoen', '91dbee1c-9d6d-4eaa-ac93-b6d949114aa3', 2023, 11, 14, 'https://picsum.photos/200/300', 6),
	(498, 'consuasor calco tamisium', 'Sarah Heathcote', '5ba88a2d-adde-4c99-9f34-64bf1bed3cbd', 2023, 15, 20, 'https://picsum.photos/200/300', 11),
	(499, 'solutio spoliatio tepesco', 'Juanita Kutch', '2265d11f-5664-4315-80cb-b4a64334e12a', 2023, 6, 20, 'https://picsum.photos/200/300', 4),
	(500, 'sumptus sum stultus', 'Freddie Hettinger I', '134cd7ed-9f46-456c-902f-47da005591af', 2024, 6, 11, 'https://picsum.photos/200/300', 5);

-- Dumping structure for table wan-shi-tong.categories
CREATE TABLE IF NOT EXISTS `categories` (
  `id` int NOT NULL AUTO_INCREMENT,
  `name` varchar(191) COLLATE utf8mb4_unicode_ci NOT NULL,
  PRIMARY KEY (`id`),
  UNIQUE KEY `Categories_name_key` (`name`)
) ENGINE=InnoDB AUTO_INCREMENT=21 DEFAULT CHARSET=utf8mb4 COLLATE=utf8mb4_unicode_ci;

-- Dumping data for table wan-shi-tong.categories: ~20 rows (approximately)
INSERT INTO `categories` (`id`, `name`) VALUES
	(13, 'Antropologa'),
	(3, 'Arte'),
	(9, 'Biologa'),
	(4, 'Ciencia'),
	(17, 'Derecho'),
	(12, 'Economa'),
	(10, 'Educacin'),
	(19, 'Filosofa'),
	(8, 'Fsica'),
	(14, 'Geografa'),
	(1, 'Historia'),
	(18, 'Ingeniera'),
	(20, 'Lingstica'),
	(7, 'Literatura'),
	(5, 'Matemticas'),
	(11, 'Medicina'),
	(15, 'Poltica'),
	(2, 'Psicologa'),
	(6, 'Qumica'),
	(16, 'Sociologa');

-- Dumping structure for table wan-shi-tong.fines
CREATE TABLE IF NOT EXISTS `fines` (
  `id` int NOT NULL AUTO_INCREMENT,
  `monto` double NOT NULL,
  `pagada` tinyint(1) NOT NULL DEFAULT '0',
  `fecha_multa` datetime(3) NOT NULL DEFAULT CURRENT_TIMESTAMP(3),
  `userId` int NOT NULL,
  PRIMARY KEY (`id`),
  KEY `Fines_userId_fkey` (`userId`),
  CONSTRAINT `Fines_userId_fkey` FOREIGN KEY (`userId`) REFERENCES `users` (`id`) ON DELETE RESTRICT ON UPDATE CASCADE
) ENGINE=InnoDB AUTO_INCREMENT=51 DEFAULT CHARSET=utf8mb4 COLLATE=utf8mb4_unicode_ci;

-- Dumping data for table wan-shi-tong.fines: ~31 rows (approximately)
INSERT INTO `fines` (`id`, `monto`, `pagada`, `fecha_multa`, `userId`) VALUES
	(1, 65.9457452443894, 0, '2024-02-23 12:53:10.363', 10),
	(2, 54.56198818306439, 0, '2024-05-25 07:44:27.866', 1),
	(3, 96.7406825684011, 0, '2023-08-01 01:06:00.342', 9),
	(4, 36.85636102897115, 1, '2023-09-08 11:27:55.354', 9),
	(5, 73.13792185927741, 0, '2024-05-20 14:18:36.339', 7),
	(6, 81.8091387799941, 0, '2023-11-09 00:39:19.931', 12),
	(7, 41.33703469461761, 1, '2024-04-05 04:42:09.512', 2),
	(8, 16.14656478189863, 1, '2024-04-26 01:30:11.381', 2),
	(9, 43.9240007577464, 1, '2024-02-03 10:18:44.157', 2),
	(10, 67.64025991875678, 0, '2023-10-27 20:30:05.304', 11),
	(11, 19.54837260395288, 1, '2024-07-01 04:36:48.818', 7),
	(12, 72.60818705824204, 0, '2024-01-13 16:28:23.064', 4),
	(13, 48.59230798203498, 0, '2024-01-22 21:51:01.861', 8),
	(14, 3.73928500409238, 0, '2023-09-20 17:41:57.924', 7),
	(15, 11.61909185792319, 1, '2023-08-15 09:43:23.412', 1),
	(16, 43.46064147888683, 0, '2023-08-03 23:18:28.989', 4),
	(17, 17.1908326856792, 0, '2024-05-28 16:02:20.333', 10),
	(18, 33.72222381550819, 1, '2024-07-03 03:44:21.521', 2),
	(19, 31.49241146584973, 1, '2024-04-15 13:24:06.344', 7),
	(20, 82.183131956961, 0, '2023-10-23 08:41:35.205', 1),
	(21, 57.74550448311493, 1, '2024-03-04 10:48:58.642', 12),
	(22, 93.15358733269386, 1, '2024-02-15 18:02:09.086', 6),
	(23, 37.03897977876477, 0, '2023-12-30 01:30:10.370', 2),
	(24, 76.91590181994252, 1, '2024-02-18 06:10:49.707', 9),
	(25, 85.46119194850326, 0, '2023-09-07 09:05:39.188', 9),
	(26, 52.06446928950027, 0, '2024-07-04 18:01:42.202', 10),
	(27, 19.4279731886927, 0, '2024-05-19 11:52:49.333', 7),
	(28, 84.79101511603221, 0, '2024-06-27 12:05:42.941', 4),
	(29, 71.6579039238859, 0, '2023-09-27 00:44:35.570', 3),
	(30, 26.24526529712602, 0, '2024-07-14 17:06:57.325', 8),
	(31, 1.580948156071827, 1, '2023-08-03 22:07:31.890', 10),
	(32, 18.86456649098545, 0, '2023-12-30 08:13:40.216', 2),
	(33, 54.80922217783518, 1, '2023-11-28 17:23:52.005', 9),
	(34, 41.01292450539768, 0, '2024-03-21 21:37:34.347', 10),
	(35, 69.92994838533923, 1, '2024-05-08 21:01:26.666', 8),
	(36, 86.98495129821822, 0, '2023-10-04 20:46:07.586', 5),
	(37, 67.09854676411487, 0, '2024-06-08 15:53:17.987', 7),
	(38, 21.68619840894826, 1, '2023-09-11 21:08:18.042', 5),
	(39, 49.39943503518589, 0, '2023-07-28 21:31:45.196', 6),
	(40, 83.98676115926355, 1, '2023-12-20 00:31:29.813', 10),
	(41, 45.24278535088524, 1, '2024-02-18 10:53:30.492', 12),
	(42, 8.654556927271187, 0, '2023-10-17 16:41:08.146', 8),
	(43, 14.43331333319657, 1, '2023-12-21 15:17:17.921', 11),
	(44, 58.50559566728771, 0, '2024-05-14 13:30:43.850', 10),
	(45, 11.62225695466623, 0, '2023-11-11 23:39:47.934', 9),
	(46, 27.67795423371717, 0, '2023-11-27 03:45:37.327', 5),
	(47, 38.75711773871444, 1, '2023-11-25 23:22:49.766', 1),
	(48, 83.82461733277887, 0, '2024-03-20 01:03:42.178', 5),
	(49, 46.17014454375021, 1, '2024-03-15 00:33:41.553', 8),
	(50, 15.1242075774353, 1, '2024-01-19 08:09:25.391', 6);

-- Dumping structure for table wan-shi-tong.loans
CREATE TABLE IF NOT EXISTS `loans` (
  `id` int NOT NULL AUTO_INCREMENT,
  `fecha_prestamo` datetime(3) NOT NULL DEFAULT CURRENT_TIMESTAMP(3),
  `fecha_devolucion` datetime(3) DEFAULT NULL,
  `estado` varchar(191) COLLATE utf8mb4_unicode_ci NOT NULL DEFAULT 'prestado',
  `userId` int NOT NULL,
  `bookId` int NOT NULL,
  PRIMARY KEY (`id`),
  KEY `Loans_userId_fkey` (`userId`),
  KEY `Loans_bookId_fkey` (`bookId`),
  CONSTRAINT `Loans_bookId_fkey` FOREIGN KEY (`bookId`) REFERENCES `books` (`id`) ON DELETE RESTRICT ON UPDATE CASCADE,
  CONSTRAINT `Loans_userId_fkey` FOREIGN KEY (`userId`) REFERENCES `users` (`id`) ON DELETE RESTRICT ON UPDATE CASCADE
) ENGINE=InnoDB AUTO_INCREMENT=51 DEFAULT CHARSET=utf8mb4 COLLATE=utf8mb4_unicode_ci;

-- Dumping data for table wan-shi-tong.loans: ~50 rows (approximately)
INSERT INTO `loans` (`id`, `fecha_prestamo`, `fecha_devolucion`, `estado`, `userId`, `bookId`) VALUES
	(1, '2024-05-02 01:33:03.569', NULL, 'prestado', 9, 361),
	(2, '2024-02-22 08:30:48.955', NULL, 'prestado', 10, 211),
	(3, '2023-08-05 12:59:01.631', NULL, 'prestado', 5, 216),
	(4, '2024-03-31 15:08:53.891', NULL, 'prestado', 4, 87),
	(5, '2024-01-02 12:08:01.088', NULL, 'prestado', 3, 355),
	(6, '2024-07-19 18:46:45.911', NULL, 'prestado', 6, 337),
	(7, '2024-06-13 03:45:15.278', NULL, 'prestado', 7, 39),
	(8, '2023-11-18 11:31:52.869', NULL, 'prestado', 10, 23),
	(9, '2024-06-15 14:17:44.600', NULL, 'prestado', 12, 245),
	(10, '2023-10-08 15:20:30.622', NULL, 'prestado', 3, 287),
	(11, '2024-04-08 22:17:07.405', NULL, 'prestado', 10, 167),
	(12, '2024-01-06 19:24:45.836', NULL, 'prestado', 4, 138),
	(13, '2024-05-22 16:00:08.237', NULL, 'prestado', 6, 42),
	(14, '2024-03-04 07:48:53.959', NULL, 'prestado', 11, 93),
	(15, '2023-09-04 04:40:57.738', NULL, 'prestado', 3, 267),
	(16, '2024-07-21 19:00:13.385', NULL, 'prestado', 6, 282),
	(17, '2023-10-04 17:04:38.177', NULL, 'prestado', 12, 478),
	(18, '2024-01-31 02:05:41.750', NULL, 'prestado', 9, 235),
	(19, '2023-08-22 19:19:00.041', NULL, 'prestado', 10, 239),
	(20, '2024-06-18 17:42:45.046', NULL, 'prestado', 8, 497),
	(21, '2023-10-09 04:19:36.536', NULL, 'prestado', 6, 233),
	(22, '2024-04-12 09:15:45.116', NULL, 'prestado', 2, 333),
	(23, '2024-06-05 20:21:29.554', NULL, 'prestado', 10, 410),
	(24, '2023-12-25 20:24:44.350', NULL, 'prestado', 11, 444),
	(25, '2024-01-31 07:23:42.356', NULL, 'prestado', 2, 104),
	(26, '2024-05-13 00:25:45.758', NULL, 'prestado', 10, 251),
	(27, '2024-05-11 18:48:00.586', NULL, 'prestado', 4, 272),
	(28, '2023-11-28 18:32:40.029', NULL, 'prestado', 3, 287),
	(29, '2023-10-13 10:14:22.732', NULL, 'prestado', 9, 68),
	(30, '2023-07-29 12:57:15.784', NULL, 'prestado', 10, 413),
	(31, '2023-12-04 13:24:45.157', NULL, 'prestado', 8, 88),
	(32, '2024-02-16 06:37:09.700', NULL, 'prestado', 4, 74),
	(33, '2024-05-01 08:52:43.417', NULL, 'prestado', 10, 337),
	(34, '2024-04-07 16:59:15.280', NULL, 'prestado', 11, 49),
	(35, '2024-06-11 08:08:42.373', NULL, 'prestado', 1, 364),
	(36, '2024-07-06 02:48:30.536', NULL, 'prestado', 9, 52),
	(37, '2023-09-16 16:16:26.499', NULL, 'prestado', 11, 403),
	(38, '2024-06-24 00:25:57.781', NULL, 'prestado', 5, 100),
	(39, '2024-04-15 07:56:59.481', NULL, 'prestado', 5, 433),
	(40, '2023-10-04 10:10:57.630', NULL, 'prestado', 11, 422),
	(41, '2024-04-05 20:04:05.441', NULL, 'prestado', 10, 3),
	(42, '2024-01-21 13:46:14.553', NULL, 'prestado', 4, 39),
	(43, '2024-01-31 07:07:57.995', NULL, 'prestado', 9, 113),
	(44, '2024-06-14 09:15:30.184', NULL, 'prestado', 9, 269),
	(45, '2024-02-12 16:02:47.915', NULL, 'prestado', 3, 130),
	(46, '2023-08-24 22:59:13.952', NULL, 'prestado', 7, 116),
	(47, '2023-12-03 03:54:15.349', NULL, 'prestado', 8, 30),
	(48, '2024-05-11 08:29:33.168', NULL, 'prestado', 6, 208),
	(49, '2024-02-01 20:48:51.895', NULL, 'prestado', 8, 229),
	(50, '2023-09-26 14:58:06.157', NULL, 'prestado', 2, 274);

-- Dumping structure for table wan-shi-tong.permissions
CREATE TABLE IF NOT EXISTS `permissions` (
  `id` int NOT NULL AUTO_INCREMENT,
  `name` varchar(191) COLLATE utf8mb4_unicode_ci NOT NULL,
  PRIMARY KEY (`id`),
  UNIQUE KEY `Permissions_name_key` (`name`)
) ENGINE=InnoDB AUTO_INCREMENT=3 DEFAULT CHARSET=utf8mb4 COLLATE=utf8mb4_unicode_ci;

-- Dumping data for table wan-shi-tong.permissions: ~2 rows (approximately)
INSERT INTO `permissions` (`id`, `name`) VALUES
	(2, 'manage'),
	(1, 'view');

-- Dumping structure for table wan-shi-tong.roles
CREATE TABLE IF NOT EXISTS `roles` (
  `id` int NOT NULL AUTO_INCREMENT,
  `name` varchar(191) COLLATE utf8mb4_unicode_ci NOT NULL,
  PRIMARY KEY (`id`),
  UNIQUE KEY `Roles_name_key` (`name`)
) ENGINE=InnoDB AUTO_INCREMENT=3 DEFAULT CHARSET=utf8mb4 COLLATE=utf8mb4_unicode_ci;

-- Dumping data for table wan-shi-tong.roles: ~2 rows (approximately)
INSERT INTO `roles` (`id`, `name`) VALUES
	(1, 'Administrador'),
	(2, 'Estudiante');

-- Dumping structure for table wan-shi-tong.rolespermissions
CREATE TABLE IF NOT EXISTS `rolespermissions` (
  `id` int NOT NULL AUTO_INCREMENT,
  `roleId` int NOT NULL,
  `permissionId` int NOT NULL,
  PRIMARY KEY (`id`),
  UNIQUE KEY `RolesPermissions_roleId_permissionId_key` (`roleId`,`permissionId`),
  KEY `RolesPermissions_permissionId_fkey` (`permissionId`),
  CONSTRAINT `RolesPermissions_permissionId_fkey` FOREIGN KEY (`permissionId`) REFERENCES `permissions` (`id`) ON DELETE RESTRICT ON UPDATE CASCADE,
  CONSTRAINT `RolesPermissions_roleId_fkey` FOREIGN KEY (`roleId`) REFERENCES `roles` (`id`) ON DELETE RESTRICT ON UPDATE CASCADE
) ENGINE=InnoDB AUTO_INCREMENT=4 DEFAULT CHARSET=utf8mb4 COLLATE=utf8mb4_unicode_ci;

-- Dumping data for table wan-shi-tong.rolespermissions: ~2 rows (approximately)
INSERT INTO `rolespermissions` (`id`, `roleId`, `permissionId`) VALUES
	(2, 1, 1),
	(1, 1, 2),
	(3, 2, 1);

-- Dumping structure for table wan-shi-tong.users
CREATE TABLE IF NOT EXISTS `users` (
  `id` int NOT NULL AUTO_INCREMENT,
  `name` varchar(191) COLLATE utf8mb4_unicode_ci NOT NULL,
  `email` varchar(191) COLLATE utf8mb4_unicode_ci NOT NULL,
  `password` varchar(191) COLLATE utf8mb4_unicode_ci NOT NULL,
  `fecha_registro` datetime(3) NOT NULL DEFAULT CURRENT_TIMESTAMP(3),
  `active` tinyint(1) NOT NULL DEFAULT '1',
  PRIMARY KEY (`id`),
  UNIQUE KEY `Users_email_key` (`email`)
) ENGINE=InnoDB AUTO_INCREMENT=13 DEFAULT CHARSET=utf8mb4 COLLATE=utf8mb4_unicode_ci;

-- Dumping data for table wan-shi-tong.users: ~12 rows (approximately)
INSERT INTO `users` (`id`, `name`, `email`, `password`, `fecha_registro`, `active`) VALUES
	(1, 'Student User', 'student@example.com', '$2b$10$lo23MBdcwkhTXcUGqxYs6eW8InujjoCvf8/jbDdr8Srrd0BOGcSLq', '2024-07-21 23:49:13.224', 1),
	(2, 'Admin User', 'admin@example.com', '$2b$10$asatJWBB3yknY1taqwXO3ei2viIt1BeybMLLSmI.tSCrOuoaquhQy', '2024-07-21 23:49:13.224', 1),
	(3, 'Jill Bogisich', 'Mikel15@gmail.com', '$2b$10$naxzuaA5eqUwOzRB..8v..pyFqaU9TVxnYu9sJHUG8LZKyyMDOMl.', '2024-07-21 23:49:13.270', 1),
	(4, 'Nathaniel Schiller', 'Adele3@hotmail.com', '$2b$10$ujfB7fcqYZbXYvRyekoHauDyDTQQIoRVfuA/eFXCQXSvqVL/Ky7ze', '2024-07-21 23:49:13.271', 1),
	(5, 'Alberto Carroll DVM', 'Sallie.Jaskolski@yahoo.com', '$2b$10$kIYuMAleN3kz4IjaPw8kIOkRU4AEWhKvsdSL/7nRVgviarOv5ATom', '2024-07-21 23:49:13.272', 1),
	(6, 'Eleanor Collier', 'Domenick.Barton@yahoo.com', '$2b$10$Ct6Wy9E.sFqx1cmzawYUA.iCOeSHq9tVNcjEbOkZfC4KGnVxU246u', '2024-07-21 23:49:13.272', 1),
	(7, 'Dr. Madeline Boyle-Bogisich', 'Vernice.Roberts24@hotmail.com', '$2b$10$3OvOEbSDa3lBeZ35.7ezkumKx9pff/Me/mVhiVWvYGWqVq8xhqMCm', '2024-07-21 23:49:13.316', 1),
	(8, 'Sophia Monahan', 'Jonas.Frami@yahoo.com', '$2b$10$wkD2g7dRLOmJ5hm6dplrYOskOlmArkxN3uyGKGaAbn6ZKHomyrxFG', '2024-07-21 23:49:13.317', 1),
	(9, 'Essie Durgan', 'Jan.Reichert97@gmail.com', '$2b$10$ImKhEykRTw89LxdoSQ407OzbfsrAjO4j1fseFPjHFZqSHjvc2OT4G', '2024-07-21 23:49:13.318', 1),
	(10, 'Jesus Pfannerstill', 'Mozelle.Marks@gmail.com', '$2b$10$59EVBCZ5.XtQBJNXf69Cx.MQv0qHUV7BP7998sBk.JeIXLScim3Iu', '2024-07-21 23:49:13.318', 1),
	(11, 'Bradley Littel', 'Cyrus_Kilback@gmail.com', '$2b$10$gaW/5rjVVBsv6Ppnhw3fyuTnSfbIYOZ3wmBFzlPnJ/kpvqpSnfH2G', '2024-07-21 23:49:13.361', 1),
	(12, 'Gertrude Labadie-Jacobs', 'Earline.Lemke78@gmail.com', '$2b$10$JkKNiC1PlAUSfsGs94VdKeqKwZc3gWJ5KI/OIrku2Y1Ktuw8b0jWW', '2024-07-21 23:49:13.361', 1);

-- Dumping structure for table wan-shi-tong.usersroles
CREATE TABLE IF NOT EXISTS `usersroles` (
  `id` int NOT NULL AUTO_INCREMENT,
  `userId` int NOT NULL,
  `roleId` int NOT NULL,
  PRIMARY KEY (`id`),
  UNIQUE KEY `UsersRoles_userId_roleId_key` (`userId`,`roleId`),
  KEY `UsersRoles_roleId_fkey` (`roleId`),
  CONSTRAINT `UsersRoles_roleId_fkey` FOREIGN KEY (`roleId`) REFERENCES `roles` (`id`) ON DELETE RESTRICT ON UPDATE CASCADE,
  CONSTRAINT `UsersRoles_userId_fkey` FOREIGN KEY (`userId`) REFERENCES `users` (`id`) ON DELETE RESTRICT ON UPDATE CASCADE
) ENGINE=InnoDB AUTO_INCREMENT=13 DEFAULT CHARSET=utf8mb4 COLLATE=utf8mb4_unicode_ci;

-- Dumping data for table wan-shi-tong.usersroles: ~12 rows (approximately)
INSERT INTO `usersroles` (`id`, `userId`, `roleId`) VALUES
	(1, 1, 2),
	(2, 2, 1),
	(3, 3, 2),
	(4, 4, 2),
	(5, 5, 2),
	(6, 6, 2),
	(7, 7, 2),
	(8, 8, 2),
	(9, 9, 2),
	(10, 10, 2),
	(11, 11, 2),
	(12, 12, 2);

-- Dumping structure for table wan-shi-tong._prisma_migrations
CREATE TABLE IF NOT EXISTS `_prisma_migrations` (
  `id` varchar(36) COLLATE utf8mb4_unicode_ci NOT NULL,
  `checksum` varchar(64) COLLATE utf8mb4_unicode_ci NOT NULL,
  `finished_at` datetime(3) DEFAULT NULL,
  `migration_name` varchar(255) COLLATE utf8mb4_unicode_ci NOT NULL,
  `logs` text COLLATE utf8mb4_unicode_ci,
  `rolled_back_at` datetime(3) DEFAULT NULL,
  `started_at` datetime(3) NOT NULL DEFAULT CURRENT_TIMESTAMP(3),
  `applied_steps_count` int unsigned NOT NULL DEFAULT '0',
  PRIMARY KEY (`id`)
) ENGINE=InnoDB DEFAULT CHARSET=utf8mb4 COLLATE=utf8mb4_unicode_ci;

-- Dumping data for table wan-shi-tong._prisma_migrations: ~0 rows (approximately)
INSERT INTO `_prisma_migrations` (`id`, `checksum`, `finished_at`, `migration_name`, `logs`, `rolled_back_at`, `started_at`, `applied_steps_count`) VALUES
	('39db18e1-4d2c-4113-a0b5-c1039481d712', 'be1d593404f33c3c352ecf479c15d10a142e578d74fc61f2d52f8311c481f865', '2024-07-21 23:48:52.599', '20240721234852_init', NULL, NULL, '2024-07-21 23:48:52.369', 1);

/*!40103 SET TIME_ZONE=IFNULL(@OLD_TIME_ZONE, 'system') */;
/*!40101 SET SQL_MODE=IFNULL(@OLD_SQL_MODE, '') */;
/*!40014 SET FOREIGN_KEY_CHECKS=IFNULL(@OLD_FOREIGN_KEY_CHECKS, 1) */;
/*!40101 SET CHARACTER_SET_CLIENT=@OLD_CHARACTER_SET_CLIENT */;
/*!40111 SET SQL_NOTES=IFNULL(@OLD_SQL_NOTES, 1) */;
